;category_name;content;title;url
0;turkiye;İstanbul Fatih'te Çin'li iki kadının yaşadığı eve gelen kimliği belirsiz kişi yada kişiler, evde bulunan 42 yaşındaki Chen Haiyun'un önce boğazını keserek öldürdü, ardından da evi ateşe vererek kaçtı. ;İstanbul'da Çinli kadının boğazını kesip evini ateşe verdiler;https://tr.sputniknews.com//turkiye/201907091039608398-istanbulda-cinli-kadinin-bogazini-kesip-evini-atese-verdiler/
1;turkiye;"Bolu’da, düzenlenen operasyonda ""kaliforniyum"" olduğu değerlendirilen 18,01 gram radyoaktif madde ele geçirildi haberlerini Nükleer Mühendisler Derneği Başkanı Erol Çubukçu, Sputnik’e değerlendirdi. Çubukçu ""Bu maddenin Türkiye’de üretilmediğini ve ülkemize nükleer teknolojiye sahip bir ülke üzerinden geldiğini söyleyebiliriz” dedi. ";‘Bolu’da yakalanan kaliforniyum, Türkiye’ye nükleer teknolojiye sahip bir ülkeden gelmiştir’;https://tr.sputniknews.com//columnists/201907091039608230-boluda-yakalanan-kaliforniyum-turkiyeye-nukleer-teknolojiye-sahip-bir-ulkeden-gelmistir/
2;turkiye;CHP Genel Başkanı Kemal Kılıçdaroğlu'nun da aralarında bulunduğu 10 milletvekiline ait dokunulmazlık dosyaları TBMM Başkanlığı'na sunuldu.;Kılıçdaroğlu'nun da aralarında bulunduğu 10 milletvekiline ait dokunulmazlık dosyaları TBMM Başkanlığı'na sunuldu;https://tr.sputniknews.com//turkiye/201907091039608278-kilicdaroglunun-da-aralarinda-bulundugu-10-milletvekiline-ait-dokunulmazlik-dosyalari-tbmm/
3;turkiye;Suriye'den Şırnak'ın Cizre ilçesine atılmak istenen, üzerinde kumandalı ateşleme sistemi bulunan 15 kilo patlayıcı, sınır hattındaki modüler beton duvardaki dikenli tellere takıldı. ;Suriye'den Türkiye'ye atılan 15 kilo patlayıcı sınır tellerine takıldı;https://tr.sputniknews.com//turkiye/201907091039607966-suriyeden-turkiyeye-atilan-15-kilo-patlayici-sinir-tellerine-takildi/
4;turkiye;"Hizmet-İş Sendikasından, İETT şoförlerine yönelik algı operasyonunun söz konusu olduğu belirtilerek, ""Teknik kaynaklı arızaları sanki şoförler yapıyor yahut sabote ediyormuş gibi bir algı oluşturulması ahlaki değil"" değerlendirmesinde bulunuldu.";Hizmet-İş Sendikası: İETT şoförlerine algı operasyonu yapılıyor;https://tr.sputniknews.com//turkiye/201907091039607795-hizmet-is-sendikasi-iett-soforlerine-algi-operasyonu-yapiliyor/
5;turkiye;Şanlıurfa'nın Viranşehir ilçesinde yetiştirilen dışı karpuza, içi kavuna, tadı ise salatalığa benzeyen ‘şelengo’nun coğrafi işaret tescili için patent başvurusu yapıldı.;Dışı karpuza, içi kavuna, tadı salatalığa benziyor: Coğrafi işaret tescili için patent başvurusu yapıldı;https://tr.sputniknews.com//turkiye/201907091039607493-disi-karpuza-ici-kavuna-tadi-salataliga-benziyor-cografi-isaret-tescili-icin-patent-basvurusu/
6;turkiye;İzmir'de 22 yaşındaki Tuğçe A. iki yıl önce kendisinden 23 yaş büyük eşi A.A. tarafından sevgili oldukları sırada kamp yaptıkları çadırda ayrılmak istediği gerekçesiyle av tüfeğiyle başından vuruldu. Tuğçe, parçalanıp tanınmaz hale gelen yüzünden 15 ameliyat geçirdi, kaybettiği sağ gözünün yerine protez takıldı, burnu koku alma duyusunu kaybetti. ;Ayrılmak istediği için av tüfeğiyle başından vuruldu, tehditle evlenmek zorunda kaldı: Tuğçe hukuk mücadelesi başlattı;https://tr.sputniknews.com//turkiye/201907091039607474-ayrilmak-istedigi-icin-esi-tarafindan-av-tufegiyle-basindan-vurulan-tugce-hukuk-mucadelesi-baslatti/
7;turkiye;"Kremlin Sözcüsü Dmitriy Peskov, Rusya yapımı 'S-400 hava savunma sistemi parçalarının Türkiye'ye teslim edildiğinin ne zaman görüleceği' soruları karşısında, ""Teslimat süreci, mevcut anlaşmanın gerektirdiği şekilde vaktinde gerçekleştiriliyor"" açıklamasını yaptı."; Kremlin ‘S-400 parçaları Türkiye'ye vaktinde teslim edilecek’ dedi, kesin tarih vermedi;https://tr.sputniknews.com//rusya/201907091039607254-kremlin-s-400-parcalari-turkiyeye-vaktinde-teslim-edilecek/
8;turkiye;İstanbul Üniversitesi Gazetecilik bölümünde görevli Prof. Dr. Nurdoğan Rigel, öğrencisine düşük not vererek sınıfta kalmasına neden olduğu için beş ay hapis cezasına çarptırıldı.;Düşük not veren profesöre beş ay hapis cezası;https://tr.sputniknews.com//turkiye/201907091039607078-dusuk-not-veren-profesore-bes-ay-hapis-cezasi/
9;turkiye;"Dünyanın en zengin insanı olarak bilinen, Amazon'un sahibi Jeff Bezos'a ait lüks yat Datça açıklarında görüntülendi. Datça Belediyesi ise, Bezos'la ilgili yaptığı paylaşımda ""Yarın Basın Yazanesi'ne çaya gelmek istedi, bilemiyoruz"" ifadelerine yer verdi.";Bezos'un yatı Datça'da: Çaya gelmek istedi, bilemiyoruz;https://tr.sputniknews.com//yasam/201907091039607056-bezosun-yati-datcada-caya-gelmek-istedi-bilemiyoruz/
10;turkiye;AK Parti'nin dün verdiği yasa teklifine göre yurt dışı çıkış harcı 15 liradan 50 liraya yükselecek. 2007-20018 yılları arasında bu harçlardan toplam 969 milyon lira gelir elde edildi. 2020 yılında ise 15 liralık harç üzerinden hesaplanan tahminle 183.3 milyon lira gelir elde edilmesi bekleniyor. ;Yurt dışı çıkış harcının artmasıyla 427.6 milyon liralık ek gelir elde edilecek;https://tr.sputniknews.com//turkiye/201907091039606930-yurt-disi-cikis-harcinin-artmasiyla-4276-milyon-liralik-ek-gelir-elde-edilecek/
11;turkiye;Milli Savunma Bakanlığı, Hakkari'de PKK'lılar tarafından askeri araca düzenlenen saldırıda 2 askerin hayatını kaybettiğini, 1 askerin yaralandığını açıkladı.;Hakkari'de PKK saldırısı: 2 asker hayatını kaybetti, 1 asker yaralı;https://tr.sputniknews.com//turkiye/201907091039606777-hakkaride-askeri-araca-saldiri-2-asker-hayatini-kaybetti-1-asker-yarali/
12;turkiye;Meclis Genel Kurulu'nda görev süresi dolacak olan 3 RTÜK üyesi için seçim yapılacak. Meclis'in 3. partisi olan HDP, yaklaşık 2 yıl aradan sonra RTÜK'e 1 üye gönderecek.;HDP 2 yıl sonra RTÜK'e üye gönderecek;https://tr.sputniknews.com//turkiye/201907091039606763-hdp-iki-yil-sonra-rtuke-uye-gonderecek/
13;turkiye;"Seba İnşaat Karaköy ve Dolapdere'deki iki otelini 93 milyon euro'ya Katarlı Artic'e satacak.
";Katarlılar, Karaköy ve Dolapdere'deki iki oteli 93 milyon euro'ya satın alacak;https://tr.sputniknews.com//ekonomi/201907091039606408-katarlilar-karakoy-ve-dolapderedeki-iki-oteli-93-milyon-euroya-satin-alacak/
14;turkiye;Brand Finance'ın ilk kez Türkiye büyükşehirleri için yaptığı marka değerleri ve marka güçleri araştırmasına göre, 131.6 milyar dolar marka değeri ile İstanbul ilk sırada yer aldı.;İstanbul 131.6 milyar dolar marka değeri ile zirvede;https://tr.sputniknews.com//turkiye/201907091039606273-istanbul-1316-milyar-dolar-marka-degeri-ile-zirvede/
15;turkiye;Avrupa İnsan Hakları Mahkemesi (AİHM), eski HDP Eş Genel Başkanı Selahattin Demirtaş'ın ifade özgürlüğünün ihlal edildiğine hükmetti. Ankara, Demirtaş'a 2 bin euro manevi tazminat, bin euro da mahkeme masrafı ödeyecek.;AİHM'den Demirtaş kararı: İfade özgürlüğü ihlal edildi;https://tr.sputniknews.com//avrupa/201907091039606199-aihmden-demirtas-karari-ifade-ozgurlugu-ihlal-edildi/
16;turkiye;Sultangazi'de 'niye yan bakıyorsun' deyip amca ve yeğeni dövdüler. Saldırganlardan biri belindeki silahı çıkarıp, dövdükleri kişiyi ve arkadaşlarını korkutmak istedi. Bir başka arkadaşı elinden silahı alarak ateşledi. Açılan ateş sonucu, olayla ilgisi bulunmayan 1 kişi bacağından vuruldu. O anlar güvenlik kamerasına yansıdı.;'Niye yan bakıyorsun' deyip dövdüler, olayla ilgisi bulunmayan bir kişiyi vurdular;https://tr.sputniknews.com//turkiye/201907091039606031-niye-yan-bakiyorsun-deyip-dovduler-olayla-ilgisi-bulunmayan-bir-kisiyi-vurdular/
17;turkiye;"Cumhurbaşkanı Recep Tayyip Erdoğan'ın Başdanışmanı Gülnur Aybet, Rusya'dan alınan S-400 hava savunma sistemleriyle ilgili, ""S-400 alıyoruz çünkü şu anda bize en iyi verilen öneri ve teklif. Biz aslında kendi hava savunma sistemimizi kurmak istiyoruz. Bunun için başka alternatiflere, S-400'den öteye bakıyoruz. Bu arada S-500'ü de düşünüyoruz"" dedi.";Erdoğan'ın Başdanışmanı Aybet: S-400'den öteye bakıyoruz, S-500'ü de düşünüyoruz;https://tr.sputniknews.com//savunma/201907091039605969-erdoganin-basdanismani-aybet-s-400den-oteye-bakiyoruz-s-500u-de-dusunuyoruz/
18;turkiye;Cumhurbaşkanlığı Hükümet Sistemi'nin ilk kalkınma planı olan 11. Kalkınma Planı (2019-2023) çerçevesinde, medyanın aile üzerindeki olumsuz etkileri azaltılacak, medya araçları aile içi bağları güçlendirecek şekilde kullanılacak.;11. Kalkınma Planı: ‘Aile bağları medya araçlarıyla güçlendirecek’;https://tr.sputniknews.com//turkiye/201907091039605900-11-kalkinma-plani-aile-baglari-medya-araclariyla-guclendirecek/
19;turkiye;İstanbul'un şehirlerarası ulaşımdaki en büyük durağı olan Bayrampaşa'daki 15 Temmuz Şehitler Otogarı'yla ilgili yeni bir gelişme yaşandı. İBB Meclisi, otogarın otopark işletmeciliğinin İSPARK A.Ş.'ye devredilmesini görüştü. Maddenin bu hafta içinde meclisten geçmesi bekleniyor.;Otogarın otopark işletmesi İSPARK'a devrediliyor;https://tr.sputniknews.com//turkiye/201907091039605809-otogarin-otopark-isletmesi-isparka-devrediliyor/
20;turkiye;İstanbul Çevre ve Şehircilik İl Müdürlüğü ve Sahil Güvenlik Komutanlığı ekiplerince Boğaz'daki canlı müzik, yüksek ses ve gürültü kirliliğine yönelik denetim gerçekleştirildi.;İstanbul Boğazı'nda ses denetimi yapıldı: Sınırı aşan işletmelere para cezası verildi;https://tr.sputniknews.com//turkiye/201907091039604192-istanbul-bogazinda-ses-denetimi-yapildi-siniri-asan-isletmelere-para-cezasi-verildi/
21;turkiye;"AK Parti Genel Başkan Yardımcısı Mahir Ünal, eski Başbakan Yardımcısı Ali Babacan'ın partisinden istifa etmesiyle ilgili olarak ""Eğer böyle bir iklimde Türkiye genelinde yüzde 52, İstanbul’da ise yüzde 45 oy alıyorsak bu siyasette doldurulacak bir boşluğun olmadığını gösterir. Onun için Babacan olayının siyasette bir karşılığı yok"" dedi.";AK Partili Ünal: Babacan olayının siyasette bir karşılığı yok;https://tr.sputniknews.com//turkiye/201907091039604134-ak-partili-unal-babacan-olayinin-siyasette-bir-karsiligi-yok/
22;turkiye;Denizli'nin Acıpayam ilçesinde, sürücüsünün direksiyon hakimiyetini kaybettiği otomobil takla attı, 2 kişi yaralandı. Kazada yaralılardan yolcu konumundaki kadın, şoka girmesi nedeniyle otomobilden çıkmak istemedi. İtfaiye ve sağlık ekiplerinin yaklaşık 1.5 saat süren uğraşları sonucu yaralı kadın araçtan çıkarıldı.;Kaza yapan sürücü otomobilinden çıkmak istemedi;https://tr.sputniknews.com//turkiye/201907091039604120-kaza-yapan-surucu-otomobilinden-cikmak-istemedi/
23;turkiye;Rus otomotiv şirketi Kamaz’ın ürettiği kamyonların bazı parçalarını tedarik eden Coşkunöz Holding’in, Rusya lideri Vladimir Putin'in makam aracı olan Aurus limuzinin parça tedarikçilerinden biri olacağı duyuruldu.;Türk üretici, ‘Putin’in limuzini’ için parça üretecek;https://tr.sputniknews.com//rusya/201907091039603516-turk-uretici-putinin-limuzini-icin-parca-uretecek/
24;turkiye;Libya'da Halife Hafter güçleri tarafından alıkonulan, daha sonra serbest bırakılan 6 Türk vatandaşı gemici ülkeye döndü.;Libya'da alıkonulduktan sonra serbest kalan 6 Türk gemici İstanbul'a geldi;https://tr.sputniknews.com//turkiye/201907091039603428-libyada-alikonulduktan-sonra-serbest-kalan-6-turk-gemici-istanbula-geldi/
25;turkiye;Elazığ'da bir kişi, ayrı yaşadığı eşinin oturduğu eve giderek, pencereye çağırıp tartıştığı eşini silahla ağır yaraladı.;Ayrı yaşadığı eşini pencereden silahla yaraladı ;https://tr.sputniknews.com//turkiye/201907091039603417-ayri-yasadigi-esini-pencereden-silahla-yaraladi-/
26;turkiye;Şanlıurfa 20. Zırhlı Tugay Komutanlığından hareket eden askeri konvoyun bir kısmı Suriye'nin Tel Abyad kentine sınırı olan Akçakale ilçesine geldi. ;Suriye sınırına tank ve obüs sevkiyatı;https://tr.sputniknews.com//turkiye/201907091039603369-suriye-sinirina-tank-ve-obus-sevkiyati/
27;turkiye;"İzmir Büyükşehir Belediye Başkanı Tunç Soyer'in ""Halk Taşıt"" adıyla başlattığı yarı yarıya indirimli toplu ulaşım hizmeti günde iki saatten üç saate çıkarılıyor. Meclise oy birliği ile kabul edilen yeni uygulamaya göre indirimli tarife sabah bir saat daha erkene alınarak 05.00'de başlayacak.";İzmir’de toplu ulaşımda iki yeni uygulama;https://tr.sputniknews.com//turkiye/201907091039603262-izmirde-toplu-ulasimda-iki-yeni-uygulama/
28;turkiye;"Diyarbakır-Şanlıurfa karayolunda meydana gelen trafik kazasında aracın kimyasal madde taşıdığı şüphesiyle hastane, yaralılar ve sağlık çalışanlarına dezenfekte çalışması başlatıldı.
";Diyarbakır'da kimyasal madde alarmı: Hastanenin acili kapatıldı;https://tr.sputniknews.com//turkiye/201907091039603198-diyarbakirda-kimyasal-madde-alarmi-hastanenin-acili-kapatildi/
29;turkiye;"HDP’nin ""Savaşa hayır, demokraside buluşalım"" sloganıyla Diyarbakır’da yapmak istediği yürüyüşe polis izin vermedi. Danışmanları gözaltına alınan HDP’li vekiller ile polis yetkilileri arasında tartışma çıktı. Milletvekilleri, danışmanlarının serbest bırakılması için önce gözaltına aracının kapısında ardından da caddede oturma eylemi yaptı.";Danışmanları gözaltına alınan HDP'li vekiller önce gözaltı aracı kapısında, ardından yolda oturma eylemi yaptı;https://tr.sputniknews.com//turkiye/201907091039602668-danismanlari-gozaltina-alinan-hdpli-vekiller-once-gozalti-araci-kapisinda-ardindan-yolda-oturma/
30;turkiye;"Türkiye Cumhurbaşkanı Erdoğan’ın Rusya'dan S-400 teslimatına ilişkin, ""Yolculuk hazırlığı, yükleme çalışmaları sürüyor. Nereye konuşlanacağını MSB ve Genelkurmay Başkanlığımız planlıyor"" açıklamasının ardından ABD'li bir yetkiliden açıklama geldi.";ABD'den Türkiye'ye bir S-400 tehdidi daha: Türkiye'nin olumsuz sonuçlarla karşılaşacağının altını çiziyoruz;https://tr.sputniknews.com//savunma/201907091039602651-abdden-turkiyeye-bir-s-400-tehdidi-daha-turkiyenin-olumsuz-sonuclarla-karsilasacaginin-altini/
31;turkiye;Rusya ve Türkiye arasındaki işbirliğini değerlendiren Rus uzman Nadein-Rayevskiy, bu sürecin ileride de gelişmeye devam edeceğini savundu.;'Rusya-Türkiye işbirliği gelişmeye devam edecek';https://tr.sputniknews.com//analiz/201907081039602548-rusya-turkiye-isbirligi-gelismeye-devam-edecek/
32;turkiye;"İYİ Parti lideri Meral Akşener, ODTÜ'de yurt inşaatı için ağaçların kesilmesini eleştirdi. Akşener, ""O yurdu oraya yapmasanız, müteahhidiniz daha mı az kazanacak?"" dedi.";Akşener'den ODTÜ açıklaması: Yurdu oraya yapmasanız, müteahhidiniz daha mı az kazanacak?;https://tr.sputniknews.com//turkiye/201907081039602527-aksenerden-odtu-aciklamasi-yurdu-oraya-yapmasaniz-muteahhidiniz-daha-mi-az-kazanacak/
33;turkiye;İstanbul’da üniversitelilerin, ODTÜ’ye destek amacıyla Kadıköy’de düzenlediği eyleme polis müdahale etti.;Kadıköy’de ODTÜ eylemine polis müdahalesi;https://tr.sputniknews.com//turkiye/201907081039602514-kadikoyde-odtu-eylemine-polis-mudahalesi/
34;turkiye;Gümüşhane'nin merkeze bağlı Dibekli köyünde 118 kişi, zehirlenme şüphesiyle hastaneye kaldırılıp, tedaviye alındı. Köylülerin içme suyundaki 'koliform bakteri' nedeniyle zehirlendikleri tahmin ediliyor.;Gümüşhane'de 118 kişi içme suyundan zehirlendi;https://tr.sputniknews.com//turkiye/201907081039602468-gumushanede-118-kisi-icme-suyundan-zehirlendi/
35;turkiye;Kamu hizmetlerinin etkinliği ve verimliliğinin artırılması, hizmetlerin dijitalleştirilmesi ve bürokratik süreçlerin azaltılması çerçevesinde, bazı bakanlıklar ve başkanlıkların çeşitli yönetmelik ve tebliğlerinde değişiklik öngören düzenlemeler, Resmi Gazete'nin bugünkü mükerrer sayısında yayımlandı.;Bürokratik süreç basitleştirildi;https://tr.sputniknews.com//turkiye/201907081039602358-burokratik-surec-basitlestirildi/
36;turkiye;"Cumhurbaşkanı Recep Tayyip Erdoğan, ""Biz sıradan bir millet değiliz. Biz 21 milyon kilometrekare topraklardan azala azala azala 780 bin kilometrekareye gelmiş, dolayısıyla toprak nedir, bunu çok iyi bilen bir milletiz. Bize kimse kabile devleti muamelesi yapamaz"" dedi.";Cumhurbaşkanı Erdoğan: Bize kimse kabile devleti muamelesi yapamaz;https://tr.sputniknews.com//turkiye/201907081039602136-cumhurbaskani-erdogan-bize-kimse-kabile-devleti-muamelesi-yapamaz/
37;turkiye;Ümraniye'de müteahhitlik yapan Mehmet Sabri K., ofisinde silahını gösterdiği sırada avukat arkadaşını yanlışlıkla vurdu. Müteahhit gözaltına alınırken, göğsünden yaralanan avukat Hüseyin Y.'nin  sağlık durumunun ağır olduğu öğrenildi. ;Ümraniye'de silahını göstermek isterken avukat arkadaşını vurdu;https://tr.sputniknews.com//turkiye/201907081039602038-umraniyede-silahini-gostermek-isterken-avukat-arkadasini-vurdu/
38;turkiye;Hatay’ın Reyhanlı ilçesinde bir boya imalathanesinde yangın çıktı. İmalathanedeki kimyasallar bomba gibi patlarken, yaralıların olduğu öğrenildi. ;Reyhanlı’da boya imalathanesinde yangın;https://tr.sputniknews.com//turkiye/201907081039601906-reyhanlida-boya-imalathanesinde-yangin/
39;turkiye;Antalya Kemer'de yaşanan hortumda bulunduğu aracın dereye sürüklenmesi sonucu kaybolan Kader Buse Acar'ın bulunması için ormanlık alanda arama yapıldı.;Kayıp Buse'den 166 gündür iz yok;https://tr.sputniknews.com//turkiye/201907081039601808-kayip-buseden-166-gundur-iz-yok/
40;turkiye;Gümüşhane'nin merkeze bağlı Dibekli köyünde 118 kişi, zehirlenme şüphesiyle hastaneye kaldırılıp, tedaviye alındı. Köylülerin içme suyundaki 'koliform bakteri' nedeniyle zehirlendikleri tahmin ediliyor.;Gümüşhane'de 118 kişi içme suyundan zehirlendi;https://tr.sputniknews.com//turkiye/201907081039602468-gumushanede-118-kisi-icme-suyundan-zehirlendi/
41;turkiye;Kamu hizmetlerinin etkinliği ve verimliliğinin artırılması, hizmetlerin dijitalleştirilmesi ve bürokratik süreçlerin azaltılması çerçevesinde, bazı bakanlıklar ve başkanlıkların çeşitli yönetmelik ve tebliğlerinde değişiklik öngören düzenlemeler, Resmi Gazete'nin bugünkü mükerrer sayısında yayımlandı.;Bürokratik süreç basitleştirildi;https://tr.sputniknews.com//turkiye/201907081039602358-burokratik-surec-basitlestirildi/
42;turkiye;"Cumhurbaşkanı Recep Tayyip Erdoğan, ""Biz sıradan bir millet değiliz. Biz 21 milyon kilometrekare topraklardan azala azala azala 780 bin kilometrekareye gelmiş, dolayısıyla toprak nedir, bunu çok iyi bilen bir milletiz. Bize kimse kabile devleti muamelesi yapamaz"" dedi.";Cumhurbaşkanı Erdoğan: Bize kimse kabile devleti muamelesi yapamaz;https://tr.sputniknews.com//turkiye/201907081039602136-cumhurbaskani-erdogan-bize-kimse-kabile-devleti-muamelesi-yapamaz/
43;turkiye;Ümraniye'de müteahhitlik yapan Mehmet Sabri K., ofisinde silahını gösterdiği sırada avukat arkadaşını yanlışlıkla vurdu. Müteahhit gözaltına alınırken, göğsünden yaralanan avukat Hüseyin Y.'nin  sağlık durumunun ağır olduğu öğrenildi. ;Ümraniye'de silahını göstermek isterken avukat arkadaşını vurdu;https://tr.sputniknews.com//turkiye/201907081039602038-umraniyede-silahini-gostermek-isterken-avukat-arkadasini-vurdu/
44;turkiye;Hatay’ın Reyhanlı ilçesinde bir boya imalathanesinde yangın çıktı. İmalathanedeki kimyasallar bomba gibi patlarken, yaralıların olduğu öğrenildi. ;Reyhanlı’da boya imalathanesinde yangın;https://tr.sputniknews.com//turkiye/201907081039601906-reyhanlida-boya-imalathanesinde-yangin/
45;turkiye;Antalya Kemer'de yaşanan hortumda bulunduğu aracın dereye sürüklenmesi sonucu kaybolan Kader Buse Acar'ın bulunması için ormanlık alanda arama yapıldı.;Kayıp Buse'den 166 gündür iz yok;https://tr.sputniknews.com//turkiye/201907081039601808-kayip-buseden-166-gundur-iz-yok/
46;turkiye;"Adana'da emekli bir subayın işlettiği kuyumcuyu soymak isteyen kişi, ""Bu işten vazgeç, neye ihtiyacın var, sana bir yemek ısmarlayayım"" sözleri üzerine vazgeçti.";Soyguncuyu 'yemek ısmarlayayım' diyerek vazgeçirdi;https://tr.sputniknews.com//turkiye/201907081039601682-soyguncuyu-yemek-ismarlayayim-diyerek-vazgecirdi/
47;turkiye;Jemçug adlı Rus sınır muhafız devriye gemisinin 2016’dan beri ilk kez Türkiye’yi ziyaret ettiği, Türk sınır muhafızlarının karşı ziyaretinin 2020'de yapılması beklendiği bildirildi.;Rus sınır muhafız devriye gemisi 'Jemçug' 2016’dan beri ilk kez Türkiye’yi ziyaret etti;https://tr.sputniknews.com//rusya/201907081039601599-rus-sinir-muhafiz-devriye-gemisi-jemcug-2016dan-beri-ilk-kez-turkiyeyi-ziyaret-etti/
48;turkiye;Rusya Silahlı Kuvvetleri Füze Savunma Birliği Komutan Yardımcısı Albay Yuriy Muravkin, S-500 füze savunma sistemlerinin uzay saldırı araçlarına karşı koruma sağlayabileceğini ifade etti.;Türkiye'yle ortak üretimi gündeme gelen S-500'lere ilişkin açıklama: Uzay saldırı araçlarına karşı koruma sağlayacak;https://tr.sputniknews.com//rusya/201907081039601464-turkiyeyle-ortak-uretimi-gundeme-gelen-s-500lere-iliskin-aciklama-uzay-saldiri-araclarina-karsi/
49;turkiye;Pendik’te içinde hamile kadının bulunduğu araca saldıran ve tutuklama talebiyle mahkemeye sevk edilen Hasan Sel ve Hüseyin Sel, tutuklanarak cezaevine gönderildi. ;Pendik'te hamile kadına saldıranlar  tutuklanarak cezaevine gönderildi;https://tr.sputniknews.com//turkiye/201907081039601253-pendikte-hamile-kadina-saldiranlar--tutuklanarak-cezaevine-gonderildi/
50;turkiye;'Cumhurbaşkanına hakaret, terör örgütü propagandası yapmak ve örgüte yardım' suçlarından tutuklanan Eski İstihbarat Dairesi Başkanı Sabri Uzun adli kontrol şartıyla tahliye edildi. ;Eski İstihbarat Daire Başkanı Uzun serbest bırakıldı;https://tr.sputniknews.com//turkiye/201907081039601230-eski-istihbarat-daire-baskani-uzun-serbest-birakildi/
51;turkiye;Ankara Büyükşehir Belediye Başkanı Mansur Yavaş, ODTÜ yönetimine ağaçların kesilmemesi karşılığında yurt yapımını üstlenmeyi teklif etti.;Yavaş'tan ODTÜ yönetimine: Ağaçlara kıymayın, yurdu ben yapayım;https://tr.sputniknews.com//turkiye/201907081039601191-yavastan-odtu-yonetimine-agaclara-kiymayin-yurdu-ben-yapayim/
52;turkiye;Motorinin litre satış fiyatına bu gece yarısından itibaren geçerli olacak şekilde 15 kuruş indirim yapıldı.;Motorine 15 kuruş indirim;https://tr.sputniknews.com//turkiye/201907081039601056-motorine-15-kurus-indirim/
53;turkiye;Ankara'nın Doğu Akdeniz'e yolladığı ikinci sondaj gemisi Yavuz'un Karpaz açıklarına ulaşması üzerine Güney Kıbrıs'ın ardından Avrupa Birliği (AB)  de protesto niteliğinde açıklama yaptı.;AB'den Türkiye'ye Kıbrıs tepkisi: Yasadışı sondaj niyeti ciddi endişe kaynağı;https://tr.sputniknews.com//dogu_akdeniz/201907081039600964-abden-turkiyeye-kibris-tepkisi-yasadisi-sondaj-niyeti-ciddi-endise-kaynagi/
54;turkiye;"Pendik'te hamile kadının aracını durdurup üstünde zıplayan Seydioğlu Baklavaları'nın sahibi Hüseyin ve Hasan Sel'e bir darbe de baklavacı Seyidoğlu'ndan geldi. İsim benzerliğinden dolayı hedefhaline geldiğini belirten Seyidoğlu baklavaları mahkemeye başvurdu.
";Seyidoğlu baklavalarından trafikte hamile kadına saldıran Seydioğlu'na 'taklit' davası;https://tr.sputniknews.com//turkiye/201907081039600935-seyidoglu-baklavalarindan-trafikte-hamile-kadina-saldiran-seydiogluna-taklit-davasi/
55;turkiye;Binali Yıldırım, İstanbul Büyükşehir Belediye Başkanlığı seçimlerinin ardından ilk işinin Çankaya Köşkü'nden taşınmak olacağı yönündeki haberleri yalanlayarak, kendisinin hiçbir zaman Çankaya Köşkü'nde oturmadığını, Başbakanlık ve Meclis Başkanlığı görevleri süresince Başbakanlık Resmi Konutu'nu kullandığını bildirdi.;Yıldırım'dan Çankaya Köşkü açıklaması: Hiçbir zaman orada oturmadım;https://tr.sputniknews.com//turkiye/201907081039600804-binaliyildirimdan-cankaya-kosku-aciklamasi-hicbir-zaman-orada-oturmadim/
56;turkiye;"Prof. Dr. İlber Ortaylı,  ""FETÖ yapılanması mesela bir tarikat değildir, tasavvufla da alakaları yoktur. Bu bir cemaattir, bütün dinlerde bu tür sapkın cemaatler vardır"" dedi.";Ortaylı: FETÖ bir tarikat değil sapkın bir cemaat yapılanması;https://tr.sputniknews.com//turkiye/201907081039600718-ortayli-feto-bir-tarikat-degil-sapkin-bir-cemaat-yapilanmasi/
57;turkiye; Bartın'da 14 yaşındaki küçük kızlarını kullanarak ağına düşürdükleri vatandaşlardan şantaj yoluyla para toplayan aile boyu şebeke çökertildi. ;Aile boyu şebeke çökertildi: 14 yaşındaki kızlarını şantaj için kullanmışlar;https://tr.sputniknews.com//turkiye/201907081039600533-aile-boyu-sebeke-cokertildi-14-yasindaki-kizlarini-santaj-icin-kullanmislar/
58;turkiye;Geçen sezonun ikinci yarısında Başakşehir forması giyen Rusya Milli Takımı oyuncusu Fedor Kudryashov, Fenerbahçe'nin kendisine olan ilgisini duyduğunu ancak kulüpten kimsenin kendisiyle irtibata geçmediğini söyledi.;Kudryashov: Fenerbahçe'ye transferim konusunda somut bir görüşme olmadı;https://tr.sputniknews.com//rusya/201907081039600430-kudryashov-fenerbahceye-transferim-konusunda-somut-bir-gorusme-olmadi/
59;turkiye;İstanbul Büyükşehir Belediyesi sorumluluğundaki Caddebostan 1-2-3, Güneş ve Menekşe plajlarından bir ayda yaklaşık 600 bin kişi faydalandı. Plajlarda sezon boyunca can güvenliği ve hijyen konularında en üst düzeyde önlemler alınıyor.;İBB'nin Güneş ve Menekşe plajlarından bir ayda yaklaşık 600 bin kişi faydalandı;https://tr.sputniknews.com//turkiye/201907081039600331-ibbnin-gunes-ve-menekse-plajlarindan-bir-ayda-yaklasik-600-bin-kisi-faydalandi/
60;turkiye;Sivas'ta belediye ve hayırseverlerin iş birliğiyle inşa edilen ‘ay yıldız’ şeklinde mimariye sahip caminin hizmete girmesi için son hazırlıklar yapılıyor.;'Ay yıldız' mimarili cami ibadete gün sayıyor;https://tr.sputniknews.com//turkiye/201907081039598581-ay-yildiz-mimarili-cami-ibadete-gun-sayiyor/
61;turkiye;"ODTÜ Rektörlüğü'nden yapılan açıklamada, üniversite kampüs alanı içine yapılacak Yüksek Öğrenim Kredi ve Yurtlar Kurumu (KYK) yurduna kapasitenin dolmaması halinde bile ODTÜ öğrencisi dışında öğrenci yerleştirilmeyeceği belirtildi.  Açıklamada, ""KYK yurdu için inşaatın yapılacağı bölgede kesilecek kavak ağacı yaklaşık 750 tanedir"" denildi.";ODTÜ Rektörlüğü: Kesilecek kavak ağacı yaklaşık 750 tane;https://tr.sputniknews.com//turkiye/201907081039598385-odtu-rektorlugu-kesilecek-kavak-agaci-yaklasik-750-tane/
62;turkiye;İETT, FSM Köprüsü'ndeki çalışma nedeniyle Yeniköy-İstinye-Maslak istikametinde oluşan yoğun yolcu talebini karşılamak için yeni bir hat oluşturdu, mevcut hatların sefer sayısını artırdı.;İETT'den ikinci köprü trafiğini rahatlatmak için önlem;https://tr.sputniknews.com//turkiye/201907081039598108-iettden-ikinci-kopru-trafigini-rahatlatmak-icin-onlem/
63;turkiye;"""Suç işlemiş olsa dahi Suriyeli sığınmacılara karşı asla şiddet kullanmayın"" çağrısı yapan İYİ Parti İstanbul Milletvekili Ümit Özdağ, ""Suriyeli sığınmacılar üzerinden bize karşı saldırılar var. Suriyelilere yönelik bir provokasyon olabilir. Kontrollü olaylar çıkarılarak suç bizlerin üzerine bırakılmaya çalışılabilir"" iddiasında bulundu.";İYİ Partili Özdağ: Suriyelilere yönelik provokasyon olabilir, suç bizlerin üzerine bırakılmaya çalışılabilir;https://tr.sputniknews.com//turkiye/201907081039597642-iyi-partili-ozdag-suriyelilere-yonelik-provokasyon-olabilir-suc-bizlerin-uzerine-birakilmaya/
64;turkiye;İlk seferini PKK ile güvenlik güçleri arasında çıkan çatışma esnasında hayatını kaybeden Eren Bülbül anısına gerçekleştiren Türk Hava Yolları’nın (THY) ‘Maçka’ isimli ‘rüya uçağı’, Trabzon Havalimanı'na geldi.;THY'nin ‘rüya uçağı’ Trabzon'da;https://tr.sputniknews.com//turkiye/201907081039597587-thynin-ruya-ucagi-trabzonda/
65;turkiye;"E-5 Karayolu Pendik mevkiinde trafikte önüne kırdıkları otomobile, içerisinde hamile kadın olmasına rağmen zarar veren şahıslardan birinin ehliyetine sivil trafik polisi tarafından el konularak 1110 lira idari para cezası kesildi. Saldırganlar tutuklama talebiyle mahkemeye sevk edildi.
";Pendik'te hamile kadına saldıranların cezası belli oldu;https://tr.sputniknews.com//turkiye/201907081039597309-pendik-hamile-kadin-saldirgan-ceza/
66;turkiye;"Okçular Vakfı Mütevelli Heyeti Üyesi, Cumhurbaşkanı Recep Tayyip Erdoğan'ın oğlu Bilal Erdoğan, vakfın kapatılacağı iddiasını yalanlayarak, ""Öyle bir şey yok"" dedi.";Okçular Vakfı'yla ilgili iddialara yanıt veren Bilal Erdoğan: Öyle bir şey yok;https://tr.sputniknews.com//turkiye/201907081039597211-okcular-vakfiyla-ilgili-iddialara-yanit-veren-bilal-erdogan-oyle-bir-sey-yok/
67;turkiye;AK Parti Grup Başkanvekili Mehmet Muş, Türkiye Cumhuriyet Merkez Bankası (TCMB) kanununda değişikliğe gideceklerini belirtti. Muş ayrıca, Merkez Bankası Başkanı Murat Çetinkaya'nın görevden alınmasında herhangi bir hukuksuzluk bulunmadığını kaydetti.;AK Partili Muş: Merkez Bankası'nın kanununda değişikliğe gidiyoruz;https://tr.sputniknews.com//turkiye/201907081039597159-ak-partili-mus-merkez-bankasi-baskaninin-gorevden-alinmasi-hukuksuz-degildir/
68;turkiye;Eski Başbakan Yardımcısı ve Dışişleri Bakanı Ali Babacan, kurucuları arasında yer aldığı AK Parti'den 18 yıl sonra istifa etti. Babacan, yeni parti hazırlıklarına ilişkin ilk resmi açıklamasını da kamuoyu ile paylaştı. ;Ali Babacan AK Parti'den istifa etti: Yeni bir çalışma başlatmak kaçınılmaz hale geldi ;https://tr.sputniknews.com//turkiye/201907081039597127-ali-babacan-ak-partiden-istifa-etti/
69;turkiye;Kremlin Sözcüsü Dmitriy Peskov, Türkiye'ye Rusya yapımı S-400 savunma sistemi gönderilmesini içeren anlaşmasının, uygulama aşamasında olduğunu söyledi. Peskov söz konusu sistemin Türkiye'ye sevkiyatının hangi aşamada olduğuna ilişkinse net bilgi vermedi.;Kremlin'den Türkiye'ye S-400 sevkiyatı öngören anlaşma hakkında yeni açıklama: Olması gereken aşamada;https://tr.sputniknews.com//rusya/201907081039597106-kremlinden-turkiyeye-s-400-sevkiyati-ongoren-anlasma-hakkinda-yeni-aciklama-olmasi-gereken-asamada/
70;turkiye;Sanayi ve Teknoloji Bakanı Mustafa Varank, Türkiye ve Rusya'nın yetenekleri bakımından birbirini tamamlayan ülkeler olduğunu belirterek, iki ülke arasındaki ticaret hacmindeki artışın kendilerini memnun ettiğini belirtti.;Varank: Türkiye ve Rusya, yetenekleri bakımından birbirini tamamlayan ülkeler;https://tr.sputniknews.com//rusya/201907081039596887-varank-turkiye-ve-rusya-yetenekleri-bakimindan-birbirini-tamamlayan-ulkeler/
71;turkiye;Öğrencilerin, üniversite arazisinin Kavaklık bölgesinde yapılması planlanan Kredi ve Yurtlar Kurumu (KYK) yurduna karşı, üniversitenin söz hakkı olmayacağı gerekçesiyle çadır kurup direndiği Orta Doğu Teknik Üniversitesi'ne (ODTÜ) polis girdi. İnşaatın yapılacağı alanda belirlenen ağaçların kesimine başlandı.;Öğrencilerin KYK yurduna karşı direndiği ODTÜ'ye polis girdi, ağaçların kesimine başlandı;https://tr.sputniknews.com//turkiye/201907081039596932-ogrencilerin-kyk-yurduna-karsi-direndigi-odtuye-polis-girdi-agaclarin-kesimine-baslandi/
72;turkiye;INNOPROM 2019 Türkiye Milli Fuar Alanı'nın açılışında Rusya Sanayi ve Ticaret Bakanı Denis Manturov'a menemen ikram edildi.;INNOPROM 2019 Türkiye Milli Fuar Alanı açıldı: Rus bakana menemen ikram edildi;https://tr.sputniknews.com//rusya/201907081039596715-innoprom-2019-turkiye-milli-fuar-alani-acildi-rus-bakana-menemen-ikram-edildi/
73;turkiye;Denizli’de düzenlenen tarihi eser kaçakçılığı operasyonunda Roma dönemine ait, kanatları olan 3 başlı mermerden yapılma kadın heykeli ele geçirildi. Kaçakçılık yaptığı öne sürülen 4 kişi gözaltına alındı. ;Roma dönemine ait kanatlı ve 3 başlı kadın heykeli ele geçirildi;https://tr.sputniknews.com//turkiye/201907081039596624-roma-donemine-ait-kanatli-ve-3-basli-kadin-heykeli-ele-gecirildi/
74;turkiye;Şarkıcı Tuğba Ekinci, İstanbul Büyükşehir Belediye (İBB) Başkanı Ekrem İmamoğlu ile bir araya gelen meslektaşı Murat Boz'a tepki gösterdi.;Tuğba Ekinci'den İmamoğlu ile görüşen Murat Boz'a tepki: Bir kıbleniz olsun;https://tr.sputniknews.com//turkiye/201907081039596435-tugba-ekinciden-imamoglu-ile-gorusen-murat-boza-tepki-bir-kibleniz-olsun/
75;turkiye;"Bosna Hersek ziyareti öncesi Atatürk Havalimanı'nda gazetecilerin sorularını yanıtlayan Cumhurbaşkanı Recep Tayyip Erdoğan, Rusya'dan alınan S-400 savunma sistemlerinin yolculuk hazırlığının devam ettiğini söyledi. Erdoğan, ""S-400'ler uçakla getirilecek. Ülkemiz, bölgemiz ve özellikle dünyamız için hayırlı olsun"" dedi."; Erdoğan: S-400'ler uçakla getirilecek, ülkemiz, bölgemiz ve özellikle dünyamız için hayırlı olsun;https://tr.sputniknews.com//turkiye/201907081039595914-erdogan-s-400lerin-yolculuk-hazirligi-devam-ediyor/
76;turkiye;Bursa’nın Mudanya ilçesinin Kumyaka Mahallesi’nde kurulan kooperatif, kredi borcunu ödemeyince, köy meydanındaki yaklaşık 2 bin 500 metrekare alan ve bir çok gayrimenkul ipotek altına alındı. 3 milyon liraya yakın borç ödenmediği için köy meydanı ile birlikte bir çok taşınmaz satılığa çıkarıldı.;Kooperatif yaklaşık 3 milyon TL'lik borcu ödeyemedi: 'Köyün meydanı satılabilir';https://tr.sputniknews.com//turkiye/201907081039595851-kooperatif-yaklasik-3-milyon-tllik-borcu-odeyemedi-koyun-meydani-satilabilir/
77;turkiye;Yargıtay 22. Hukuk Dairesi, milyonlarca işçiyi yakından ilgilendiren bir karara imza attı. Yüksek Mahkeme, istifa eden işçiye kesinlikle ihbar tazminatı ödenmeyeceğine hükmetti. ;Yargıtay son noktayı koydu: İstifa eden işçiye ihbar tazminatı yok;https://tr.sputniknews.com//turkiye/201907081039595464-yargitay-son-noktayi-koydu-istifa-eden-isciye-ihbar-tazminati-yok/
78;turkiye;İstanbul Büyükşehir Belediyesi (İBB) Meclis üyesi ve İYİ Parti Grup Sözcüsü Suat Sarı, İstanbul trafiği için 7 çözüm önerisinde bulundu.;İBB Meclis üyesi Sarı'dan İstanbul trafiğine 7 çözüm önerisi;https://tr.sputniknews.com//turkiye/201907081039595384-ibb-meclis-uyesi-saridan-istanbul-trafigine-7-cozum-onerisi/
79;turkiye;Malatya’da ilginç eylemleri ile tanınan Veysel Karani bu kez kayısının para etmediği gerekçesiyle sesini duyurmak için Ankara’ya doğru tek başına yürümeye başladı. Dün yola çıkan Karani Ankara’da Cumhurbaşkanı  Recep Tayyip Erdoğan ile konuşmak ve kayısıdaki sorunları anlatmak istediğini söyledi. ;'Kayısı para etmiyor' diyerek Malatya'dan Ankara'ya yürüyor: Erdoğan'la görüşüp çözüm isteyeceğim;https://tr.sputniknews.com//turkiye/201907081039595281-kayisi-para-etmiyor-diyerek-malatyadan-ankaraya-yuruyor-erdoganla-gorusup-cozum-isteyecegim/
80;turkiye;Her 4 işsizden birinin üniversite mezunu genç olduğunu belirten CHP Tekirdağ Milletvekili İlhami Özcan Aygun, İsveç’te olduğu gibi üniversiteli işsizlere “genç işsizlik ödeneği” verilmesini önerdi.;CHP'li Aygun: İsveç'te olduğu gibi üniversiteli işsizlere 'genç işsizlik ödeneği' verilmeli;https://tr.sputniknews.com//turkiye/201907081039594258-chpli-aygun-isvecte-oldugu-gibi-universiteli-issizlere-genc-issizlik-odenegi-verilmeli/
81;turkiye;"24 Haziran 2018'de düzenlenen Cumhurbaşkanlığı seçimi için CHP tarafından aday gösterilen Muharrem İnce, ""24 Haziran'da kişisel olarak başarılı olsak bile kaybeden taraftık. Neye dayanarak itiraz edecektik? 31 Mart'ta adayların tümünde ıslak imzalı tutanak vardı. Hatam, yayınlanmayacağını düşünerek bir gazetecinin mesajına cevap vermek oldu"" dedi.";İnce: 24 Haziran'da kişisel olarak başarılı olsak bile kaybeden taraftık, neye dayanarak itiraz edecektik?;https://tr.sputniknews.com//turkiye/201907081039594235-ince-24-haziranda-kisisel-olarak-basarili-olsak-bile-kaybeden-taraftik-neye-dayanarak-itiraz/
82;turkiye;Sivas'ta beton duvarlar arasına devrilen otomobildeki aynı aileden 6 kişi yaralandı. ;Otomobil beton duvarlar arasına devrildi: Aynı aileden 6 yaralı;https://tr.sputniknews.com//turkiye/201907081039594152-otomobil-beton-duvarlar-arasina-devrildi-ayni-aileden-6-yarali/
83;turkiye;Resmi Gazete'de yayımlanan kararlar ile Zekeriya Birkan, Şaban Yılmaz ve Uğurhan Kuş Adalet Bakan Yardımcılığına atandı.;Adalet Bakan Yardımcılığına atama;https://tr.sputniknews.com//turkiye/201907081039594067-adalet-bakan-yardimciligina-atama/
84;turkiye;Ankara polisi, 'Dalavereciler' lakaplı hırsızlık çetesine yönelik düzenlediği operasyonda, toplamda 168 ayrı suçtan kayıtları bulunan 5 şüpheliyi gözaltına aldı. Şüphelilerden çete lider Taner Ç. ile birlikte 3 kişi tutuklanırken, 2 kişi adli kontrol şartıyla serbest bırakıldı.;Ankara'da 168 ayrı suçtan kayıtları bulunan 'Dalavereciler' tutuklandı;https://tr.sputniknews.com//turkiye/201907081039594046-ankarada-168-ayri-suctan-kayitlari-bulunan-dalavereciler-tutuklandi/
85;turkiye;Türkiye Merkez Bankası'nın yeni başkanı olarak atanan Murat Uysal'ın geçmişi ile ilgili olarak ekonomistlerden demeç alan Reuters haber ajansı, Uysal'ın düşük faiz yanlısı yani 'güvercin duruş' taraftarı olduğunu yazdı.;Reuters: Yeni Merkez Bankası Başkanı Uysal, düşük faiz yanlısı, 'güvercin duruş' taraftarı ;https://tr.sputniknews.com//ekonomi/201907081039594015-reuters-yeni-merkez-bankasi-baskani-uysal-dusuk-faiz-yanlisi-guvercin-durus-taraftari-/
86;turkiye;İstanbul Sabiha Gökçen Havalimanı'nda geçen ay 2018'in aynı dönemine göre dış hat yolcusu yüzde 31 artışla 1 milyon 193 bin oldu. ;Sabiha Gökçen Havalimanı'nda dış hat yolcusu yüzde 31 arttı;https://tr.sputniknews.com//turkiye/201907081039593996-sabiha-gokcen-havalimaninda-dis-hat-yolcusu-yuzde-31-artti/
87;turkiye;"İçişleri Bakanı Süleyman Soylu, Doğubayazıt'ta yapımı süren sınır duvarlarının önemli olduğunu belirterek, ""Bir tarafta sınır fiziki sistemi dediğimiz bu duvarlar, diğer taraftan da kameralar ve bazı yerlerdeki sınır fiziki sistemlerinin hemen önüne konulan su kanallarıyla birlikte doğu sınırlarımızda Allah'ın izniyle kuş uçmayacak."" dedi.";Soylu'dan Doğubeyazıt'ta inşa edilen duvara ziyaret: Doğu sınırlarımızda Allah'ın izniyle kuş uçmayacak;https://tr.sputniknews.com//turkiye/201907081039593970-soyludan-dogubeyazitta-insa-edilen-duvara-ziyaret-dogu-sinirlarimizda-allahin-izniyle-kus-ucmayacak/
88;turkiye;Merkez Bankası Başkanı Murat Çetinkaya'nın görevden alınmasının ardından merakla beklenen döviz hareketliliği yukarı yönde oldu. Dolar/TL uzak doğu piyasasında 5.81'lere kadar çıktı. ;Merkez Bankası’ndaki değişikliğe doların tepkisi belli oldu;https://tr.sputniknews.com//ekonomi/201907081039593856-merkez-bankasindaki-ani-degisiklige-dolarin-tepkisi-belli-oldu/
89;turkiye;Kütahya’da azot üretim tesisinde amonyak yüklü siloda patlama meydana geldi. Olay yerine çok sayıda AFAD, itfaiye, sağlık ve polis ekibi sevk edildi.;Kütahya'da azot fabrikasında patlama;https://tr.sputniknews.com//turkiye/201907071039593517-kutahyada-azot-fabrikasinda-patlama/
90;turkiye;Cumhurbaşkanı Recep Tayyip Erdoğan, Yunanistan'ın yeni Başbakanı seçilen Kiriakos Miçotakis ile bir telefon görüşmesi gerçekleştirdi.;Erdoğan'dan Miçotakis'e tebrik telefonu;https://tr.sputniknews.com//turkiye/201907071039593456-erdogandan-micotakise-tebrik-telefonu/
91;turkiye;Dışişleri Bakanı Mevlüt Çavuşoğlu, Yunanistan'da sandık çıkış anketlerine göre, erken genel seçimin galibi merkez sağ Yeni Demokrasi (ND) partisi lideri Kiriakos Miçotakis'i kutladı.;Çavuşoğlu Miçotakis'i kutladı: İlişkilerimizin daha da güçleneceğine inanıyorum;https://tr.sputniknews.com//turkiye/201907071039593426-cavusoglu-micotakisi-kutladi-iliskilerimizin-daha-da-guclenecegine-inaniyorum/
92;turkiye;Afet ve Acil Durum Yönetimi Başkanlığı (AFAD), yaz mevsiminde artan boğulma olaylarına karşı vatandaşları uyardı. ;AFAD'tan 'boğulma' uyarısı: Şaka niyetiyle de olsa, hiç kimseyi habersiz suya itmeyin;https://tr.sputniknews.com//yasam/201907071039593340-afadtan-bogulma-uyarisi-saka-niyetiyle-de-olsa-hic-kimseyi-habersiz-suya-itmeyin/
93;turkiye;Hatay'ın Reyhanlı ilçesinde bir otomobilde meydana gelen patlamayla ilgili 16 şüpheli gözaltına alındı.;Reyhanlı patlamasıyla ilgili 16 kişiye gözaltı;https://tr.sputniknews.com//turkiye/201907071039593324-reyhanli-patlamasiyla-ilgili-16-kisiye-gozalti/
94;turkiye;"İstanbul Valisi Ali Yerlikaya, İstanbul Büyükşehir Belediye Başkanlığı'na vekalet ettiği dönemde belediyenin kesinlikle borçlanmadığını belirterek, ""Meclis kararları incelendiğinde borçlanma kararı alınmadığı görülecektir. Belediyenin rutin işleyişi içinde düzenli olarak gerçekleştirilen ödeme ve harcamalar yapılmıştır"" dedi.";İstanbul Valisi Yerlikaya: Vekalet ettiğim dönemde İBB kesinlikle borçlanmadı;https://tr.sputniknews.com//turkiye/201907071039592801-istanbul-valisi-yerlikaya-vekalet-ettigim-donemde-ibb-kesinlikle-borclanmadi/
95;turkiye;"AK Parti Grup Başkanvekili Mehmet Muş, ""82 milyon vatan evladı 15 Temmuz'da olduğu gibi bundan sonra da herhangi bir darbe girişimine asla müsaade etmeyecektir. Ne biz siyasiler ne de milletimiz böyle bir şeye geçit verir"" diye konuştu.";AK Partili Muş: Milletimiz darbeye asla geçit vermez;https://tr.sputniknews.com//turkiye/201907071039592546-ak-partili-mus-milletimiz-darbeye-asla-gecit-vermez/
96;turkiye;Antalya’nın Alanya ilçesine bağlı Gümüşkavak Mahallesi'nde bu yıl 5'incisi düzenlenen Kızılova Yayla Şenliği’nde çıkan hortumda 6 kişi yaralandı.;Alanya’daki şenliği hortum vurdu: 6 yaralı;https://tr.sputniknews.com//turkiye/201907071039592535-alanyadaki-senligi-hortum-vurdu-6-yarali/
97;turkiye;İstanbul Pendik’te iki şehir zorbası yol vermemekle suçladıkları çiftin aracını tekmeledi, aynasını kırdı.;Pendik'te trafik terörü: Tartıştığı hamile kadının arabasının üzerine çıkarak tekmeledi;https://tr.sputniknews.com//yasam/201907071039591836-pendikte-trafik-teroru-tartistigi-kisinin-arabasinin-uzerine-cikarak-tekmeledi/
98;turkiye;"CHP'nin tüm üyelerinden bir isteği olduğunu söyleyen İstanbul Büyükşehir Belediye Başkanı Ekrem İmamoğlu, ""Lütfen bu isteğimizi önemseyiniz. Gerçekten tarihi bir sorumluluğumuz var. Partiler üstü tarihi bir sorumluluğumuz var. Bu tarihi sorumluluk içerisindeki en önemli vazife, görevimizi en iyi şekilde yapma sorumluluğudur"" dedi.";İmamoğlu: CHP'nin tüm üyelerinden bir isteğim var;https://tr.sputniknews.com//turkiye/201907071039591149-imamoglu-chpnin-tum-uyelerinden-bir-istegim-var/
99;turkiye;"Ankara Büyükşehir Belediye Başkanı Mansur Yavaş, Moskova'da Türk iş adamlarıyla da bir araya gelerek, ""Ankara’daki işsizlik oranını aşağıya çekmek için Türk ve Rus iş adamlarının Ankara’ya yatırım yapmaları davet ediyoruz. Ankara Büyükşehir Belediyesi olarak da tüm katkıyı yapmaya hazırız"" açıklamasında bulundu.";Yavaş: Ankara'daki işsizlik oranını aşağı çekmek için Türk ve Rus iş adamlarını yatırım yapmaya davet ediyoruz;https://tr.sputniknews.com//rusya/201907071039590919-yavas-ankara-issizlik-oranini-asagi-cekmek-icin-turk-ve-rus-is-adamlarini-yatirim-yapmaya-davet/
100;turkiye;Kütahya’da azot üretim tesisinde amonyak yüklü siloda patlama meydana geldi. Olay yerine çok sayıda AFAD, itfaiye, sağlık ve polis ekibi sevk edildi.;Kütahya'da azot fabrikasında patlama;https://tr.sputniknews.com//turkiye/201907071039593517-kutahyada-azot-fabrikasinda-patlama/
101;turkiye;Cumhurbaşkanı Recep Tayyip Erdoğan, Yunanistan'ın yeni Başbakanı seçilen Kiriakos Miçotakis ile bir telefon görüşmesi gerçekleştirdi.;Erdoğan'dan Miçotakis'e tebrik telefonu;https://tr.sputniknews.com//turkiye/201907071039593456-erdogandan-micotakise-tebrik-telefonu/
102;turkiye;Dışişleri Bakanı Mevlüt Çavuşoğlu, Yunanistan'da sandık çıkış anketlerine göre, erken genel seçimin galibi merkez sağ Yeni Demokrasi (ND) partisi lideri Kiriakos Miçotakis'i kutladı.;Çavuşoğlu Miçotakis'i kutladı: İlişkilerimizin daha da güçleneceğine inanıyorum;https://tr.sputniknews.com//turkiye/201907071039593426-cavusoglu-micotakisi-kutladi-iliskilerimizin-daha-da-guclenecegine-inaniyorum/
103;turkiye;Afet ve Acil Durum Yönetimi Başkanlığı (AFAD), yaz mevsiminde artan boğulma olaylarına karşı vatandaşları uyardı. ;AFAD'tan 'boğulma' uyarısı: Şaka niyetiyle de olsa, hiç kimseyi habersiz suya itmeyin;https://tr.sputniknews.com//yasam/201907071039593340-afadtan-bogulma-uyarisi-saka-niyetiyle-de-olsa-hic-kimseyi-habersiz-suya-itmeyin/
104;turkiye;Hatay'ın Reyhanlı ilçesinde bir otomobilde meydana gelen patlamayla ilgili 16 şüpheli gözaltına alındı.;Reyhanlı patlamasıyla ilgili 16 kişiye gözaltı;https://tr.sputniknews.com//turkiye/201907071039593324-reyhanli-patlamasiyla-ilgili-16-kisiye-gozalti/
105;turkiye;"İstanbul Valisi Ali Yerlikaya, İstanbul Büyükşehir Belediye Başkanlığı'na vekalet ettiği dönemde belediyenin kesinlikle borçlanmadığını belirterek, ""Meclis kararları incelendiğinde borçlanma kararı alınmadığı görülecektir. Belediyenin rutin işleyişi içinde düzenli olarak gerçekleştirilen ödeme ve harcamalar yapılmıştır"" dedi.";İstanbul Valisi Yerlikaya: Vekalet ettiğim dönemde İBB kesinlikle borçlanmadı;https://tr.sputniknews.com//turkiye/201907071039592801-istanbul-valisi-yerlikaya-vekalet-ettigim-donemde-ibb-kesinlikle-borclanmadi/
106;turkiye;"AK Parti Grup Başkanvekili Mehmet Muş, ""82 milyon vatan evladı 15 Temmuz'da olduğu gibi bundan sonra da herhangi bir darbe girişimine asla müsaade etmeyecektir. Ne biz siyasiler ne de milletimiz böyle bir şeye geçit verir"" diye konuştu.";AK Partili Muş: Milletimiz darbeye asla geçit vermez;https://tr.sputniknews.com//turkiye/201907071039592546-ak-partili-mus-milletimiz-darbeye-asla-gecit-vermez/
107;turkiye;Antalya’nın Alanya ilçesine bağlı Gümüşkavak Mahallesi'nde bu yıl 5'incisi düzenlenen Kızılova Yayla Şenliği’nde çıkan hortumda 6 kişi yaralandı.;Alanya’daki şenliği hortum vurdu: 6 yaralı;https://tr.sputniknews.com//turkiye/201907071039592535-alanyadaki-senligi-hortum-vurdu-6-yarali/
108;turkiye;İstanbul Pendik’te iki şehir zorbası yol vermemekle suçladıkları çiftin aracını tekmeledi, aynasını kırdı.;Pendik'te trafik terörü: Tartıştığı hamile kadının arabasının üzerine çıkarak tekmeledi;https://tr.sputniknews.com//yasam/201907071039591836-pendikte-trafik-teroru-tartistigi-kisinin-arabasinin-uzerine-cikarak-tekmeledi/
109;turkiye;"CHP'nin tüm üyelerinden bir isteği olduğunu söyleyen İstanbul Büyükşehir Belediye Başkanı Ekrem İmamoğlu, ""Lütfen bu isteğimizi önemseyiniz. Gerçekten tarihi bir sorumluluğumuz var. Partiler üstü tarihi bir sorumluluğumuz var. Bu tarihi sorumluluk içerisindeki en önemli vazife, görevimizi en iyi şekilde yapma sorumluluğudur"" dedi.";İmamoğlu: CHP'nin tüm üyelerinden bir isteğim var;https://tr.sputniknews.com//turkiye/201907071039591149-imamoglu-chpnin-tum-uyelerinden-bir-istegim-var/
110;turkiye;"Ankara Büyükşehir Belediye Başkanı Mansur Yavaş, Moskova'da Türk iş adamlarıyla da bir araya gelerek, ""Ankara’daki işsizlik oranını aşağıya çekmek için Türk ve Rus iş adamlarının Ankara’ya yatırım yapmaları davet ediyoruz. Ankara Büyükşehir Belediyesi olarak da tüm katkıyı yapmaya hazırız"" açıklamasında bulundu.";Yavaş: Ankara'daki işsizlik oranını aşağı çekmek için Türk ve Rus iş adamlarını yatırım yapmaya davet ediyoruz;https://tr.sputniknews.com//rusya/201907071039590919-yavas-ankara-issizlik-oranini-asagi-cekmek-icin-turk-ve-rus-is-adamlarini-yatirim-yapmaya-davet/
111;turkiye;"Merkez Bankası Başkanı Murat Çetinkaya'nın Cumhurbaşkanlığı Kararnamesi ile görevinden alınmaını değerlendiren CHP Genel Başkan Yardımcısı Aykut Erdoğdu, ""Artık Merkez Bankası’nın başındaki gerçek kişi, Cumhurbaşkanı'nın kendisidir"" ifadesini kullandı.";CHP'li Erdoğdu: Artık Merkez Bankası’nın başındaki gerçek kişi, Cumhurbaşkanı'nın kendisidir;https://tr.sputniknews.com//turkiye/201907071039590672-chpli-erdogdu-artik-merkez-bankasinin-basindaki-gercek-kisi-cumhurbaskaninin-kendisidir/
112;turkiye;Cumhurbaşkanı Recep Tayyip Erdoğan, Güneydoğu Avrupa İşbirliği Süreci Zirve Toplantısı'na katılmak üzere 8-9 Temmuz'da Bosna Hersek'in başkenti Saraybosna'ya gidecek.;Cumhurbaşkanı Erdoğan Bosna Hersek'e gidiyor;https://tr.sputniknews.com//turkiye/201907071039589818-cumhurbaskani-erdogan-bosna-herseke-gidiyor/
113;turkiye;Avrupa Futbol Federasyonları Birliği'nin (UEFA) finansal fair play uygulamalarına uyum sağlamaya çalışan Türk futbol kulüplerinin, son 5 yılın transfer gelirleri 187 milyon dolar oldu. Kulüpler, bu dönemde bonservis dengesinde 102 milyon dolar fazla verdi.; Türk futbol kulüplerinin son 5 yıllık transfer geliri 187 milyon dolar;https://tr.sputniknews.com//spor/201907071039589157--turk-futbol-kuluplerinin-son-bes-yillik-transfer-geliri-187-milyon-dolar/
114;turkiye;"Milli İstihbarat Teşkilatı'nın 2018 faaliyet raporunda klasik istihbari faaliyetlerin yanı sıra istihbarat diplomasisi çalışmalarının da hassasiyetle yürütüldüğü belirtildi. MİT Başkanı Hakan Fidan, ""Sürekli değişim ve gelişim ilkesiyle hareket eden teşkilatımız, mevcut uluslararası sistemin ihtiyaçlara göre çalışmalarını şekillendirmektir"" dedi.";MİT Başkanı Fidan'dan 'diplomatik istihbarat' vurgusu;https://tr.sputniknews.com//turkiye/201907071039588715-mit-baskani-fidandan-diplomatik-istihbarat-vurgusu/
115;turkiye;Anayasa Mahkemesi (AYM), bir emekli astsubay hakkında verilen, internetteki mahrem görüşmeye ilişkin görüntüler gerekçe gösterilerek Türk Silahlı Kuvvetleri sosyal tesislerine girişinin yasaklanmasına ilişkin kararın özel hayatın gizliliği hakkını ihlal ettiğine karar verdi. ;AYM: İnternetteki mahrem görüşme nedeniyle ceza özel hayatın gizliliğinin ihlali;https://tr.sputniknews.com//turkiye/201907071039588495-aym-internetteki-mahrem-gorusme-nedeniyle-ceza-ozel-hayatin-gizliliginin-ihlali/
116;turkiye;TBMM Genel Kurulu'nun bu haftaki gündeminde Türkiye Turizm Tanıtım ve Geliştirme Ajansı Hakkında Kanun Teklifi yer alacak. Genel Kurul, 9 Temmuz Salı günü toplanarak AK Parti Konya Milletvekili Ziya Altunyaldız ve bazı AK Parti'li milletvekillerinin imzasını taşıyan teklifi ele alacak.;TBMM, 'Turizm Tanıtım ve Geliştirme Ajansı' için mesai yapacak;https://tr.sputniknews.com//turkiye/201907071039588287-tbmm-turizm-tanitim-ve-gelistirme-ajansi-icin-mesai-yapacak/
117;turkiye;Konya'da Afganistan uyruklu Kamaloddın A., Mansour K. ve Müşteva M., vatandaşları M.A.N. adlı erkek çocuğuna bıçak zoruyla evlerine götürüp cinsel istismarda bulunduğu gerekçesiyle gözaltına alındı. ;Konya'da Afganistan uyruklu 3 kişi, 14 yaşındaki erkek çocuğuna cinsel istismardan gözaltına alındı;https://tr.sputniknews.com//turkiye/201907071039588063-konyada-afganistan-uyruklu-3-kisi-14-yasindaki-erkek-cocuguna-cinsel-istismardan-gozaltina-alindi/
118;turkiye;Rize'nin İkizdere ilçesine bağlı Anzer Yaylası'nda 2300-3000 rakım arasında üretilen ve pek çok hastalığa iyi geldiği bilinen Anzer balının kilogramı, bu yıl bin liradan satışa sunulacak.;Anzer balının kilosu bin lira oldu;https://tr.sputniknews.com//turkiye/201907071039587177-anzer-balinin-kilosu-bin-lira-oldu-/
119;turkiye;"Sağlık Bakanı Koca, 2019'da 29 bin 689 sağlık personeli alımı olacağını belirterek, ""12 bin sağlık personelinin alımı, bugüne kadar olduğu şekliyle KPSS ile olacak. İkinci etabı ise yani 29 bin 689 sağlık personelin alımını tamamlayacak olan 17 bin 689 personeli de muhtemelen Eylül-Ekim'de ÖSYM'nin takvimine göre planlamış olacağız"" dedi.";Sağlık Bakanı Koca açıkladı: Bu yıl 29 bin 689 sağlık personeli alınacak;https://tr.sputniknews.com//turkiye/201907071039586441-saglik-bakani-koca-acikladi-bu-yil-29-bin-689-saglik-personeli-alinacak/
120;turkiye;Cumhurbaşkanı Recep Tayyip Erdoğan, Güneydoğu Avrupa İşbirliği Süreci Zirve Toplantısı'na katılmak üzere 8-9 Temmuz'da Bosna Hersek'in başkenti Saraybosna'ya gidecek.;Cumhurbaşkanı Erdoğan Bosna Hersek'e gidiyor;https://tr.sputniknews.com//turkiye/201907071039589818-cumhurbaskani-erdogan-bosna-herseke-gidiyor/
121;turkiye;Avrupa Futbol Federasyonları Birliği'nin (UEFA) finansal fair play uygulamalarına uyum sağlamaya çalışan Türk futbol kulüplerinin, son 5 yılın transfer gelirleri 187 milyon dolar oldu. Kulüpler, bu dönemde bonservis dengesinde 102 milyon dolar fazla verdi.; Türk futbol kulüplerinin son 5 yıllık transfer geliri 187 milyon dolar;https://tr.sputniknews.com//spor/201907071039589157--turk-futbol-kuluplerinin-son-bes-yillik-transfer-geliri-187-milyon-dolar/
122;turkiye;"Milli İstihbarat Teşkilatı'nın 2018 faaliyet raporunda klasik istihbari faaliyetlerin yanı sıra istihbarat diplomasisi çalışmalarının da hassasiyetle yürütüldüğü belirtildi. MİT Başkanı Hakan Fidan, ""Sürekli değişim ve gelişim ilkesiyle hareket eden teşkilatımız, mevcut uluslararası sistemin ihtiyaçlara göre çalışmalarını şekillendirmektir"" dedi.";MİT Başkanı Fidan'dan 'diplomatik istihbarat' vurgusu;https://tr.sputniknews.com//turkiye/201907071039588715-mit-baskani-fidandan-diplomatik-istihbarat-vurgusu/
123;turkiye;Anayasa Mahkemesi (AYM), bir emekli astsubay hakkında verilen, internetteki mahrem görüşmeye ilişkin görüntüler gerekçe gösterilerek Türk Silahlı Kuvvetleri sosyal tesislerine girişinin yasaklanmasına ilişkin kararın özel hayatın gizliliği hakkını ihlal ettiğine karar verdi. ;AYM: İnternetteki mahrem görüşme nedeniyle ceza özel hayatın gizliliğinin ihlali;https://tr.sputniknews.com//turkiye/201907071039588495-aym-internetteki-mahrem-gorusme-nedeniyle-ceza-ozel-hayatin-gizliliginin-ihlali/
124;turkiye;TBMM Genel Kurulu'nun bu haftaki gündeminde Türkiye Turizm Tanıtım ve Geliştirme Ajansı Hakkında Kanun Teklifi yer alacak. Genel Kurul, 9 Temmuz Salı günü toplanarak AK Parti Konya Milletvekili Ziya Altunyaldız ve bazı AK Parti'li milletvekillerinin imzasını taşıyan teklifi ele alacak.;TBMM, 'Turizm Tanıtım ve Geliştirme Ajansı' için mesai yapacak;https://tr.sputniknews.com//turkiye/201907071039588287-tbmm-turizm-tanitim-ve-gelistirme-ajansi-icin-mesai-yapacak/
125;turkiye;Konya'da Afganistan uyruklu Kamaloddın A., Mansour K. ve Müşteva M., vatandaşları M.A.N. adlı erkek çocuğuna bıçak zoruyla evlerine götürüp cinsel istismarda bulunduğu gerekçesiyle gözaltına alındı. ;Konya'da Afganistan uyruklu 3 kişi, 14 yaşındaki erkek çocuğuna cinsel istismardan gözaltına alındı;https://tr.sputniknews.com//turkiye/201907071039588063-konyada-afganistan-uyruklu-3-kisi-14-yasindaki-erkek-cocuguna-cinsel-istismardan-gozaltina-alindi/
126;turkiye;Rize'nin İkizdere ilçesine bağlı Anzer Yaylası'nda 2300-3000 rakım arasında üretilen ve pek çok hastalığa iyi geldiği bilinen Anzer balının kilogramı, bu yıl bin liradan satışa sunulacak.;Anzer balının kilosu bin lira oldu;https://tr.sputniknews.com//turkiye/201907071039587177-anzer-balinin-kilosu-bin-lira-oldu-/
127;turkiye;"Sağlık Bakanı Koca, 2019'da 29 bin 689 sağlık personeli alımı olacağını belirterek, ""12 bin sağlık personelinin alımı, bugüne kadar olduğu şekliyle KPSS ile olacak. İkinci etabı ise yani 29 bin 689 sağlık personelin alımını tamamlayacak olan 17 bin 689 personeli de muhtemelen Eylül-Ekim'de ÖSYM'nin takvimine göre planlamış olacağız"" dedi.";Sağlık Bakanı Koca açıkladı: Bu yıl 29 bin 689 sağlık personeli alınacak;https://tr.sputniknews.com//turkiye/201907071039586441-saglik-bakani-koca-acikladi-bu-yil-29-bin-689-saglik-personeli-alinacak/
128;turkiye;AK Partili Ağrı Belediye Başkanı Savcı Sayan, artık belediye bünyesinde resmi nikahla imam nikahının bir arada kıyılabileceğini söyledi. Sayan, bir imamla birlikte belediyede iki nikahın birden kıyıldığı görüntüleri internette paylaştı.;Ağrı Belediye Başkanı Sayan, belediyede imam nikahı kıydırdı;https://tr.sputniknews.com//turkiye/201907071039586222-agri-belediye-baskani-sayan-belediyede-imam-nikahi-kiydirdi/
129;turkiye;PKK/KCK'nın sözde başkanlık ve yürütme konseyi üyelerinden Diyar Garip Muhammed'in Milli İstihbarat Teşkilatı (MİT) ve Türk Silahlı Kuvvetleri'nin (TSK) ortak operasyonuyla etkisiz hale getirildiği duyuruldu.;AA: PKK'nın sözde başkanlık üyesi, MİT ve TSK'nın ortak operasyonuyla etkisiz hale getirildi;https://tr.sputniknews.com//turkiye/201907071039585567-aa-pkknin-sozde-baskanlik-uyesi-mit-ve-tsknin-ortak-operasyonuyla-etkisiz-hale-getirildi/
130;turkiye;Türkiye Cumhuriyeti Merkez Bankası (TCMB) Başkanı Murat Çetinkaya, cumhurbaşkanlığı kararnamesiyle görevden alındı. Cumhurbaşkanı Recep Tayyip Erdoğan, Çetinkaya’nın faizleri indirmediği için görevden alındığını söyledi.;Erdoğan, Merkez Bankası Başkanı Çetinkaya'nın görevden alınma nedenini açıkladı;https://tr.sputniknews.com//turkiye/201907071039584190-erdogan-merkez-bankasi-baskani-cetinkayanin-neden-gorevden-alindigini-acikladi/
131;turkiye;Pençe Harekatı ile koordineli olarak Irak'ın kuzeyindeki Zap ve Metina bölgelerine hava harekatı düzenlendiği, 2 PKK'lının öldürüldüğü bildirildi.;TSK'dan Irak'ın kuzeyine hava harekatı;https://tr.sputniknews.com//turkiye/201907071039583746-irakin-kuzeyine-hava-harekati/
132;turkiye;"Türkiye’nin Pekin Büyükelçisi Abdülkadir Emin Önen, Türkiye'nin Çin ile ilişkilerine dair değerlendirmelerde bulundu. Önen, ""Asya’daki lider ülke olarak Çin ile ikili ilişkilerimiz şimdiye kadar çok daha ileri seviyelere gelmeliydi"" dedi.";Türkiye'nin Pekin Büyükelçisi Önen: Çin'le ilişkilerimiz daha ileri seviyelere gelmeliydi;https://tr.sputniknews.com//asya/201907071039583246-turkiyenin-pekin-buyukelcisi-onen-cinle-iliskilerimiz-daha-ileri-seviyelere-gelmeliydi/
133;turkiye;İstanbul İl Emniyet Müdürlüğü, suça karışan Suriyeliler hakkında yeni bir karar verdi. Geçici koruma kapsamındaki Suriyeli yabancıların suça karışması durumunda, İl Göç İdaresi Müdürlüğü'ne teslim edilecekleri bildirildi.;İstanbul'da suça karışan Suriyeliler göç idaresine yollanacak;https://tr.sputniknews.com//turkiye/201907071039582787-istanbulda-suca-karisan-suriyeliler-goc-idaresine-yollanacak/
134;turkiye;Adana'da bir yakınının düğününde kimliği belirsiz kişi ya da kişilerce kaçırılan 18 yaşındaki R.T, polis ekipleri tarafından mısır tarlasında bulundu.;Adana'da düğünde kaçırılan genç kız, mısır tarlasında bulundu;https://tr.sputniknews.com//turkiye/201907071039582367-adanada-dugunde-kacirilan-genc-kiz-misir-tarlasinda-bulundu/
135;turkiye;Sözcü gazetesi yazarı Deniz Zeyrek, İstanbul Büyükşehir Belediyesi'nin toplam borcunun 31 Mart'ta 26.7 milyar TL olduğunu, 23 Haziran itibarıyla bu rakamın 30 milyar TL'ye çıktığını aktardı. Zeyrek 3 milyar 300 milyon yeni borç, 1 milyar 700 milyon harcama yapıldığını, 2 bin 500 kişinin de istihdamının sağlandığını belirtti.;Zeyrek: 51 günlük 'kayyum' bilançosu 3 milyar 300 milyon yeni borç, 1 milyar 700 milyon harcama, 2500 yeni istihdam;https://tr.sputniknews.com//turkiye/201907071039581934-zeyrek-51-gunluk-kayyum-bilancosu-3-milyar-300-milyon-yeni-borc-1-milyar-700-milyon-harcama-2500/
136;turkiye;Ambalaj Atıklarının Kontrolü Yönetmeliği gereğince, satış noktalarında plastik poşetlerin ücretlendirilmesi sonrası aylık kişi başı poşet kullanımı 35'ten 10'a geriledi.;Kişi başı poşet kullanımı 10 adete düştü;https://tr.sputniknews.com//cevre/201907071039581886-kisi-basi-poset-kullanimi-10-adete-dustu/
137;turkiye;Zonguldak'ın Ereğli ilçesinde düzenlenen 21. Uluslararası Sevgi, Barış, Dostluk, Kültür ve Sanat Festivali'nde bu yılki Sevgi, Barış ve Dostluk Ödülü İBB Başkanı Ekrem İmamoğlu'na verildi. ;İmamoğlu'na 'Sevgi, Barış ve Dostluk Ödülü';https://tr.sputniknews.com//turkiye/201907071039581566-imamogluna-sevgi-baris-ve-dostluk-odulu/
138;turkiye;"Eski Çevre ve Şehircilik Bakanlığı müsteşar yardımcısı Bünyamin Karaca (60), İzmit’teki evinde intihar etti.

";Eski müsteşar yardımcısı intihar etti;https://tr.sputniknews.com//turkiye/201907071039581375-eski-mustesar-yardimcisi-intihar-etti/
139;turkiye;İstanbul seçimlerinde son düzlükte ortaya çıkan Öcalan Mektubu, TRT Kurdi’deki roportaj ve Cemil Bayık’ın Çarşamba günü Washington Post’da yayınlanan yazısı… Bütün bunlar Kuzey Irak’ta PKK ile Türkiye arasında yeni bir sürece işaret mi ediyor? Merkez Bankası Başkanı Çetinkaya’nın görevden alınması Batı piyasalarına ne sinyali verecek?;Gazeteci Bingöl: Barzani KDP'den ayrılacak;https://tr.sputniknews.com//fotografin_tamami/201907061039593612-gazeteci-bingol-barzani-kdpden-ayrilacak/
140;turkiye;Ambalaj Atıklarının Kontrolü Yönetmeliği gereğince, satış noktalarında plastik poşetlerin ücretlendirilmesi sonrası aylık kişi başı poşet kullanımı 35'ten 10'a geriledi.;Kişi başı poşet kullanımı 10 adete düştü;https://tr.sputniknews.com//cevre/201907071039581886-kisi-basi-poset-kullanimi-10-adete-dustu/
141;turkiye;Zonguldak'ın Ereğli ilçesinde düzenlenen 21. Uluslararası Sevgi, Barış, Dostluk, Kültür ve Sanat Festivali'nde bu yılki Sevgi, Barış ve Dostluk Ödülü İBB Başkanı Ekrem İmamoğlu'na verildi. ;İmamoğlu'na 'Sevgi, Barış ve Dostluk Ödülü';https://tr.sputniknews.com//turkiye/201907071039581566-imamogluna-sevgi-baris-ve-dostluk-odulu/
142;turkiye;"Eski Çevre ve Şehircilik Bakanlığı müsteşar yardımcısı Bünyamin Karaca (60), İzmit’teki evinde intihar etti.

";Eski müsteşar yardımcısı intihar etti;https://tr.sputniknews.com//turkiye/201907071039581375-eski-mustesar-yardimcisi-intihar-etti/
143;turkiye;İstanbul seçimlerinde son düzlükte ortaya çıkan Öcalan Mektubu, TRT Kurdi’deki roportaj ve Cemil Bayık’ın Çarşamba günü Washington Post’da yayınlanan yazısı… Bütün bunlar Kuzey Irak’ta PKK ile Türkiye arasında yeni bir sürece işaret mi ediyor? Merkez Bankası Başkanı Çetinkaya’nın görevden alınması Batı piyasalarına ne sinyali verecek?;Gazeteci Bingöl: Barzani KDP'den ayrılacak;https://tr.sputniknews.com//fotografin_tamami/201907061039593612-gazeteci-bingol-barzani-kdpden-ayrilacak/
144;turkiye;AK Parti’nin kurucuları arasında yer alan Anayasa Profesörü Burhan Kuzu, yeni parti kuracakları uzun süredir konuşulan 11. Cumhurbaşkanı Abdullah Gül, eski Başbakan Ahmet Davutoğlu ve eski Başbakan Yardımcısı Ali Babacan’a 'yuvaya dönmeleri' çağrısında bulundu.;Burhan Kuzu'dan Gül, Davutoğlu ve Babacan’a çağrı;https://tr.sputniknews.com//turkiye/201907061039581244-burhan-kuzudan-gul-davutoglu-ve-babacana-cagri/
145;turkiye;Şanlıurfa'da denetlemeler esnasında rahatsızlanarak hastaneye kaldırılan bir asker hayatını kaybetti.;Şanlıurfa'daki denetlemeler sırasında rahatsızlanan asker yaşamını yitirdi;https://tr.sputniknews.com//turkiye/201907061039581224-sanliurfadaki-denetlemeler-sirasinda-rahatsizlanan-asker-yasamini-yitirdi/
146;turkiye;İstanbul Büyükşehir Belediye Başkanı Ekrem İmamoğlu, seçim kampanyasında kendisine maddi ve manevi destek açıklayan şarkıcı Murat Boz ile bir araya geldi.;İmamoğlu ve Murat Boz bir araya geldi;https://tr.sputniknews.com//turkiye/201907061039581198-imamoglu-ve-murat-boz-bir-araya-geldi/
147;turkiye;Çatalca'da devrilen minibüsteki 23 kişi yaralandı. ;İşçileri taşıyan minibüs, piknik dönüşü kaza yaptı: 12'si ağır 23 yaralı;https://tr.sputniknews.com//turkiye/201907061039581154-iscileri-tasiyan-minibus-piknik-donusu-kaza-yapti-12si-agir-23-yarali/
148;turkiye;Sakarya’nın Kocaali ilçesi açıklarında deniz mayını bulundu. ;Sakarya'da deniz mayını bulundu;https://tr.sputniknews.com//turkiye/201907061039581109-sakaryada-deniz-mayini-bulundu/
149;turkiye;Rize'de yavru bir sokak köpeğini faraşa koyarak dereye atan temizlik işçisine verilen ceza büyük tepki çekti. Rize'nin Kalkandere ilçesinde, yavru köpeği faraşa koyarak demir bariyerlerin üzerinden dereye attığı görüntüler tepki çeken belediye temizlik görevlisi Sefer Kayacı'ya, 'hayvanlara kötü muamele'den 773 lira idari para cezası kesildi.;Köpek yavrusunu dereye atan kişiye 773 lira idari para cezası ;https://tr.sputniknews.com//turkiye/201907061039581920-kopek-yavrusunu-dereye-atan-kisiye-773-lira-idari-para-cezasi-/
150;turkiye;Muğla'da kayyum atanan Çobanlar Mermer'in Aydın'ın Bozdoğan İlçesinde bulunan mermer ocağında iş kazası meydana geldi. Kazada Erol Özdemir isimli mermer işçisi 8 metre yüksekten düşerek olay yerinde hayatını kaybetti. ;Mermer ocağında çalışan işçi, 8 metre yükseklikten düşerek hayatını kaybetti;https://tr.sputniknews.com//turkiye/201907061039580980-kayyum-atanan-mermer-ocaginda-8-metreden-dusen-isci-yasamini-yitirdi/
151;turkiye;"HDP Eş Genel Başkanı Sezai Temelli, ""Eşit yurttaşlık temelinde, herkesin içinde kendisini bulabileceği bir anayasayı Türkiye yazabilir."" dedi.";Temelli: Herkesin içinde kendisini bulabileceği bir anayasayı Türkiye yazabilir;https://tr.sputniknews.com//turkiye/201907061039581905-temelli-herkesin-icinde-kendisini-bulabilecegi-bir-anayasayi-turkiye-yazabilir/
152;turkiye;"Yeniden Refah Partisi Genel Başkanı Fatih Erbakan, ""Ülkedeki fakir fukaraya yardım etmek için değil, fakirliği ve yoksulluğu ortadan kaldırmak için geliyoruz"" dedi.";Yeniden Refah Partisi Genel Başkanı Fatih Erbakan: Yoksulluğu ortadan kaldırmak için geliyoruz;https://tr.sputniknews.com//turkiye/201907061039580755-yeniden-refah-partisi-genel-baskani-fatih-erbakan-yoksullugu-ortadan-kaldirmak-icin-geliyoruz/
153;turkiye;Cumhurbaşkanı ve AK Parti Genel Başkanı Recep Tayyip Erdoğan'ın İstanbul'daki AK Partili belediye başkanlarıyla buluşması sona erdi. ;Erdoğan, AK Partili belediye başkanlarıyla buluştu;https://tr.sputniknews.com//turkiye/201907061039580601-erdogan-ak-partili-belediye-baskanlariyla-bulustu/
154;turkiye;Mersin'de son bir hafta içerisinde 7 kişinin ölümüne neden olan metil alkol zehirlenmesine ilişkin adliyeye sevk edilen 7 şüpheliden 5'i tutuklandı.;Mersin'de 7 kişinin öldüğü sahte içki olayıyla ilgili 5 kişi tutuklandı;https://tr.sputniknews.com//turkiye/201907061039580589-mersinde-7-kisinin-oldugu-sahte-icki-olayiyla-ilgili-5-kisi-tutuklandi/
155;turkiye;"Milli Eğitim Bakanı Ziya Selçuk, ""Bugünkü bilimin neye hizmet ettiği ve sermayenin güdümünde bizi nereye doğru ittiği konusunda bir sorgulamaya ihtiyacımız var"" dedi. ";Milli Eğitim Bakanı Selçuk: Bugünkü bilimin neye hizmet ettiğini sorgulamaya ihtiyacımız var;https://tr.sputniknews.com//turkiye/201907061039580543-milli-egitim-bakani-selcuk-bugunku-bilimin-neye-hizmet-ettigini-sorgulamaya-ihtiyacimiz-var/
156;turkiye;Bursa'da tüfeğiyle tilki vurmak isterken kendini vuran 53 yaşındaki adam hayatını kaybetti. ;Tilkiyi vurmak isterken kendini vurdu;https://tr.sputniknews.com//turkiye/201907061039580497-tilkiyi-vurmak-isterken-kendini-vurdu/
157;turkiye;Adana'da yolcu treninde bir kadını taciz ettiği ileri sürülen şüpheli tutuklandı.;Trende cinsel taciz iddiasına tutuklama;https://tr.sputniknews.com//turkiye/201907061039580441-trende-cinsel-taciz-iddiasina-tutuklama/
158;turkiye;Bolu'da, bir otomobilde nükleer silah başlıkları ve atom enerjisi santrallerinde kullanılan 18,01 gram kaliforniyum ele geçirildi. Ele geçirilen maddenin piyasa değerinin 72 milyon dolar olduğu belirtildi.;Bolu'da 72 milyon dolarlık radyoaktif madde operasyonu;https://tr.sputniknews.com//turkiye/201907061039580428-boluda-72-milyon-dolarlik-radyoaktif-madde-operasyonu/
159;turkiye;Üsküdar Salacak sahilinde deniz kıyısına vurmuş ya da kayalıklara atılmış olabileceği değerlendirilen bir silah bulundu.;Üsküdar'da sahilde silah bulundu;https://tr.sputniknews.com//turkiye/201907061039580256-uskudarda-sahilde-silah-bulundu/
160;turkiye;İstanbul Büyükşehir Belediye Başkanı Ekrem İmamoğlu, seçim kampanyasında kendisine maddi ve manevi destek açıklayan şarkıcı Murat Boz ile bir araya geldi.;İmamoğlu ve Murat Boz bir araya geldi;https://tr.sputniknews.com//turkiye/201907061039581198-imamoglu-ve-murat-boz-bir-araya-geldi/
161;turkiye;Çatalca'da devrilen minibüsteki 23 kişi yaralandı. ;İşçileri taşıyan minibüs, piknik dönüşü kaza yaptı: 12'si ağır 23 yaralı;https://tr.sputniknews.com//turkiye/201907061039581154-iscileri-tasiyan-minibus-piknik-donusu-kaza-yapti-12si-agir-23-yarali/
162;turkiye;Sakarya’nın Kocaali ilçesi açıklarında deniz mayını bulundu. ;Sakarya'da deniz mayını bulundu;https://tr.sputniknews.com//turkiye/201907061039581109-sakaryada-deniz-mayini-bulundu/
163;turkiye;Rize'de yavru bir sokak köpeğini faraşa koyarak dereye atan temizlik işçisine verilen ceza büyük tepki çekti. Rize'nin Kalkandere ilçesinde, yavru köpeği faraşa koyarak demir bariyerlerin üzerinden dereye attığı görüntüler tepki çeken belediye temizlik görevlisi Sefer Kayacı'ya, 'hayvanlara kötü muamele'den 773 lira idari para cezası kesildi.;Köpek yavrusunu dereye atan kişiye 773 lira idari para cezası ;https://tr.sputniknews.com//turkiye/201907061039581920-kopek-yavrusunu-dereye-atan-kisiye-773-lira-idari-para-cezasi-/
164;turkiye;Muğla'da kayyum atanan Çobanlar Mermer'in Aydın'ın Bozdoğan İlçesinde bulunan mermer ocağında iş kazası meydana geldi. Kazada Erol Özdemir isimli mermer işçisi 8 metre yüksekten düşerek olay yerinde hayatını kaybetti. ;Mermer ocağında çalışan işçi, 8 metre yükseklikten düşerek hayatını kaybetti;https://tr.sputniknews.com//turkiye/201907061039580980-kayyum-atanan-mermer-ocaginda-8-metreden-dusen-isci-yasamini-yitirdi/
165;turkiye;"HDP Eş Genel Başkanı Sezai Temelli, ""Eşit yurttaşlık temelinde, herkesin içinde kendisini bulabileceği bir anayasayı Türkiye yazabilir."" dedi.";Temelli: Herkesin içinde kendisini bulabileceği bir anayasayı Türkiye yazabilir;https://tr.sputniknews.com//turkiye/201907061039581905-temelli-herkesin-icinde-kendisini-bulabilecegi-bir-anayasayi-turkiye-yazabilir/
166;turkiye;"Yeniden Refah Partisi Genel Başkanı Fatih Erbakan, ""Ülkedeki fakir fukaraya yardım etmek için değil, fakirliği ve yoksulluğu ortadan kaldırmak için geliyoruz"" dedi.";Yeniden Refah Partisi Genel Başkanı Fatih Erbakan: Yoksulluğu ortadan kaldırmak için geliyoruz;https://tr.sputniknews.com//turkiye/201907061039580755-yeniden-refah-partisi-genel-baskani-fatih-erbakan-yoksullugu-ortadan-kaldirmak-icin-geliyoruz/
167;turkiye;Cumhurbaşkanı ve AK Parti Genel Başkanı Recep Tayyip Erdoğan'ın İstanbul'daki AK Partili belediye başkanlarıyla buluşması sona erdi. ;Erdoğan, AK Partili belediye başkanlarıyla buluştu;https://tr.sputniknews.com//turkiye/201907061039580601-erdogan-ak-partili-belediye-baskanlariyla-bulustu/
168;turkiye;Mersin'de son bir hafta içerisinde 7 kişinin ölümüne neden olan metil alkol zehirlenmesine ilişkin adliyeye sevk edilen 7 şüpheliden 5'i tutuklandı.;Mersin'de 7 kişinin öldüğü sahte içki olayıyla ilgili 5 kişi tutuklandı;https://tr.sputniknews.com//turkiye/201907061039580589-mersinde-7-kisinin-oldugu-sahte-icki-olayiyla-ilgili-5-kisi-tutuklandi/
169;turkiye;"Milli Eğitim Bakanı Ziya Selçuk, ""Bugünkü bilimin neye hizmet ettiği ve sermayenin güdümünde bizi nereye doğru ittiği konusunda bir sorgulamaya ihtiyacımız var"" dedi. ";Milli Eğitim Bakanı Selçuk: Bugünkü bilimin neye hizmet ettiğini sorgulamaya ihtiyacımız var;https://tr.sputniknews.com//turkiye/201907061039580543-milli-egitim-bakani-selcuk-bugunku-bilimin-neye-hizmet-ettigini-sorgulamaya-ihtiyacimiz-var/
170;turkiye;Bursa'da tüfeğiyle tilki vurmak isterken kendini vuran 53 yaşındaki adam hayatını kaybetti. ;Tilkiyi vurmak isterken kendini vurdu;https://tr.sputniknews.com//turkiye/201907061039580497-tilkiyi-vurmak-isterken-kendini-vurdu/
171;turkiye;Adana'da yolcu treninde bir kadını taciz ettiği ileri sürülen şüpheli tutuklandı.;Trende cinsel taciz iddiasına tutuklama;https://tr.sputniknews.com//turkiye/201907061039580441-trende-cinsel-taciz-iddiasina-tutuklama/
172;turkiye;Bolu'da, bir otomobilde nükleer silah başlıkları ve atom enerjisi santrallerinde kullanılan 18,01 gram kaliforniyum ele geçirildi. Ele geçirilen maddenin piyasa değerinin 72 milyon dolar olduğu belirtildi.;Bolu'da 72 milyon dolarlık radyoaktif madde operasyonu;https://tr.sputniknews.com//turkiye/201907061039580428-boluda-72-milyon-dolarlik-radyoaktif-madde-operasyonu/
173;turkiye;Üsküdar Salacak sahilinde deniz kıyısına vurmuş ya da kayalıklara atılmış olabileceği değerlendirilen bir silah bulundu.;Üsküdar'da sahilde silah bulundu;https://tr.sputniknews.com//turkiye/201907061039580256-uskudarda-sahilde-silah-bulundu/
174;turkiye;Ankara'da belediyeye ait depoda bulunan jet skiyle ilgili Melih Gökçek açıklamalarda bulundu. Gökçek, söz konusu jet skinin ramazan şenliklerinde alındığını söyledi.;Gökçek'ten jet ski açıklaması: Ramazan şenliklerinde alındı;https://tr.sputniknews.com//turkiye/201907061039580183-gokcekten-jet-ski-aciklamasi-ramazan-senliklerinde-alindi/
175;turkiye;"15 Temmuz Demokrasi ve Milli Birlik Günü kapsamında Cumhurbaşkanlığı İletişim Başkanlığı koordinasyonunda yurt genelinde yürütülecek etkinliklerde kullanılmak üzere hazırlanan yeni logo ve kurumsal kimlik haritasının bulunduğu ""www.15temmuz.gov.tr"" internet sitesi açıldı.";15 Temmuz etkinlikleri için internet sitesi;https://tr.sputniknews.com//turkiye/201907061039580139-15-temmuz-etkinlikleri-icin-internet-sitesi/
176;turkiye;"Büyük taşınmanın ardından tam kapasite hizmet vermeye başlayan İstanbul Havalimanı'nda 3 aylık dönemde her 74 saniyede bir uçak geliş veya gidiş yaptı.
";İstanbul Havalimanı'nda 74 saniyede bir sefer yapıldı;https://tr.sputniknews.com//turkiye/201907061039580014-istanbul-havalimaninda-74-saniyede-bir-sefer-yapildi/
177;turkiye;İstanbul Büyükşehir Belediyesi Başkanı Ekrem İmamoğlu, belediye şirketleri KİPTAŞ ve Ağaç A.Ş için yapılan iki ihaleyi iptal etti.;Ekrem İmamoğlu İBB'nin iki ihalesini iptal etti;https://tr.sputniknews.com//turkiye/201907061039579773-ekrem-imamoglu-ibbnin-iki-ihalesini-iptal-etti/
178;turkiye;"AK Parti sözcüsü Ömer Çelik, Cumhurbaşkanı Recep Tayyip Erdoğan'ın milletvekilleriyle görüşmesi sonrası açıklama yaptı. ""Vatandaşa hizmet götürme konusunda yeterli performans göremediğimiz konular güncellenecek"" diyen Çelik, ""Sonbaharda Kızılcahamam'da AK Parti kampı olacak"" ifadesini kullandı.";AK Parti Sözcüsü Çelik: Vatandaşa hizmet götürme konusunda yeterli performans göremediğimiz konular güncellenecek;https://tr.sputniknews.com//turkiye/201907061039579753-ak-parti-sozcusu-celik-vatandasa-hizmet-goturme-konusunda-yeterli-performans-goremedigimiz-konular/
179;turkiye;OHAL sonrası dönemde TSK'da görev yapan 2 bin 139 personel ihraç edildi. 176 emekli askerin de rütbesi alındı.;TSK'da OHAL'den sonra 2 bin 138 personel ihraç edildi;https://tr.sputniknews.com//turkiye/201907061039579739-tskda-ohalden-sonra-2-bin-138-personel-ihrac-edildi/
180;turkiye;"İçişleri Bakanı Süleyman Soylu, ""İstisnaların dışında İstanbul'da Suriyeli kaydı almıyoruz. Suriyeli kaydına İstanbul kapalıdır"" dedi.";Soylu: İstisnaların dışında İstanbul'da Suriyeli kaydı almıyoruz;https://tr.sputniknews.com//turkiye/201907061039579465-soylu-istisnalarin-disinda-istanbulda-suriyeli-kaydi-almiyoruz/
181;turkiye;Hatay'ın Reyhanlı ilçesinde bomba yüklü olduğu söylenen araçta yaşanan ve 3 Suriyelinin hayatını kaybettiği patlamayla ilgili soruşturma sürüyor. Hatay Emniyet Müdürlüğü, sayı vermemekle birlikte gözaltılar olduğunu bildirdi.;Reyhanlı'daki patlama sonrası gözaltılar var;https://tr.sputniknews.com//turkiye/201907061039579432-reyhanlidaki-patlama-sonrasi-gozaltilar-var/
182;turkiye;Erken seçime giden Yunanistan’da kamuoyu yoklamaları merkez sağ Yeni Demokrasi Partisi’nin oy çoğunluğunu kazanacağını gösteriyor. Peki bu olası iktidar değişimi Yunanistan’ın Türkiye’ye dönük politikasını nasıl etkiler? 21. Yüzyıl Türkiye Enstitüsü Balkanlar ve Kıbrıs Araştırmaları Merkezi Başkanı Gözde Kılıç Yaşın, Sputnik’e anlattı. ;Yunanistan’daki olası iktidar değişimi Türkiye’yle ilişkileri nasıl etkiler? ;https://tr.sputniknews.com//columnists/201907061039579283-yunanistandaki-olasi-iktidar-degisimi-turkiyeyle-iliskileri-nasil-etkiler/
183;turkiye;Cumhurbaşkanı Recep Tayyip Erdoğan, Barents Denizi'nde Rus karasuları içerisindeyken Rus su altı araştırma gemisinde çıkan yangında hayatını kaybeden 14 asker için Rusya Devlet Başkanı Vladimir Putin'e taziyelerini sundu.;Erdoğan'dan Putin'e taziye telefonu;https://tr.sputniknews.com//turkiye/201907061039579214-erdogandan-putine-taziye-telefonu/
184;turkiye;"İstanbul Büyükşehir Belediye (İBB) Başkanı Ekrem İmamoğlu, belediye meclisiyle ilgili olarak ""Haftanın 5 günü boyunca oturumların olması, saatlerinin kayması beni mutsuz ediyor. Pazartesi günü tüm meclise söyleyeceğim. İBB gündemini yoğun bir çalışma ile iki günde toparlayabileceğimizi düşünüyorum"" dedi.";İmamoğlu: Meclis gün sayısını 2'ye düşürmeyi teklif edeceğim;https://tr.sputniknews.com//turkiye/201907061039578951-imamoglu-meclis-gun-sayisini-2ye-dusurmeyi-teklif-edecegim/
185;turkiye;"Cumhurbaşkanı Recep Tayyip Erdoğan, 'Kıbrıs İşlerinin Koordinasyonu' genelgesi yayımladı.

";'Kıbrıs İşlerinin Koordinasyonu' genelgesi yayımlandı;https://tr.sputniknews.com//dogu_akdeniz/201907061039578774-kibris-islerinin-koordinasyonu-genelgesi-yayimlandi/
186;turkiye;"Eski AK Parti İstanbul Milletvekili Mehmet Metiner, ""Mehmet Metiner’in içkisi Bakanlık raporuna girdi"" başlığıyla yayımlanan haberlere tepki gösterdi. Metiner, ""Sözcü’nün yapıp servis ettiği bu haber öyle iddia edildiği gibi bakanlık raporuna dönüşmüş değil"" dedi.";Metiner: Neymiş efendim, biz misafirlerimize devlet malı üzerinden ikramda bulunuyormuşuz;https://tr.sputniknews.com//turkiye/201907061039578759-metiner-neymis-efendim-biz-misafirlerimize-devlet-mali-uzerinden-ikramda-bulunuyormusuz/
187;turkiye;Cumhurbaşkanı Recep Tayyip Erdoğan, Adalet Bakan Yardımcısı Selahaddin Menteş’i Anayasa Mahkemesi (AYM) Üyeliği’ne atadı. Karar, Resmi Gazete’de yayımlandı.;AYM'ye yeni üye;https://tr.sputniknews.com//turkiye/201907061039578744-aymye-yeni-uye/
188;turkiye;Denizli'de otomobiliyle 'drift' yapan sürücüye 7 bin lira para cezası kesildi. Sürücünün ehliyetine 2 ay süreyle el konulurken, araç da 2 ay süreliğine trafikten men edildi.;Drift yapan sürücüye 7 bin TL ceza;https://tr.sputniknews.com//turkiye/201907061039578673-drift-yapan-surucuye-7-bin-tl-ceza/
189;turkiye;Cumhurbaşkanı ve AK Parti Genel Başkanı Recep Tayyip Erdoğan, İstanbul'da partisinin milletvekilleriyle kahvaltıda buluştu.;Erdoğan, AK Parti milletvekilleriyle buluştu;https://tr.sputniknews.com//politika/201907061039578567-erdogan-ak-parti-milletvekilleriyle-bulustu/
190;turkiye;İstanbul'da turistleri dolandıran taksicilere yönelik düzenlenen 'son durak' operasyonun detayları ortaya çıktı. 25 kişinin gözaltına alındığı operasyonda taksicilerin kendi aralarında yaptıkları telefon konuşmalarında, turistler için 'keriz', 'mal' ve 'kuş' gibi argo kelimeler kullandıkları belirlendi.;Taksicilere yönelik düzenlenen 'son durak' operasyonunun detayları ortaya çıktı: Turistler için 'mal', 'kuş' diyorlarmış;https://tr.sputniknews.com//turkiye/201907061039578546-taksicilere-yonelik-duzenlenen-son-durak-operasyonunun-detaylari-ortaya-cikti-turistler-icin-mal/
191;turkiye;"Son katta oturduğu binanın çatısını yaptıran bir yönetici, kat maliklerinden çatı ücreti için mahkemeye gitti. Mahkeme; binanın çatısının yenilenmesi için tüm kat maliklerinin onayının olması gerektiğine hükmetti.";Yargıtay'dan apartman kavgalarına son verecek emsal karar: Çoğunluk onaylamıyorsa ödemek zorunda değilsiniz;https://tr.sputniknews.com//turkiye/201907061039578497-yargitaydan-apartman-kavgalarina-son-verecek-emsal-karar-cogunluk-onaylamiyorsa-odemek-zorunda/
192;turkiye;Kamuoyunda 'Adnan Hoca' olarak bilinen Adnan Oktar ve grubuna yönelik operasyon kapsamında tutuklanan Mete Oktar, sağlık sorunları nedeniyle tahliye edildi.;Adnan Oktar'ın akrabası tahliye edildi;https://tr.sputniknews.com//turkiye/201907061039578485-adnan-oktarin-akrabasi-tahliye-edildi/
193;turkiye;Bursa’nın Mudanya ilçesinde bir genç, '2003 yılı bacak güzeli' olan eski mankenin evinde öldürüldü. Eski mankenin de aralarında bulunduğu 3 kişi cinayet şüphesiyle gözaltına alındı.;Bursa'da bir genç, '2003 yılı bacak güzeli'nin evinde öldürüldü;https://tr.sputniknews.com//turkiye/201907061039578430-bursada-bir-genc-2003-bacak-guzelinin-evinde-olduruldu/
194;turkiye;Cumhurbaşkanı Recep Tayyip Erdoğan’ın imzasıyla yayımlanan atama kararları Resmi Gazete’de yayımlandı.;Erdoğan'dan yeni atamalar;https://tr.sputniknews.com//turkiye/201907061039578385-erdogandan-yeni-atamalar/
195;turkiye;"Hürriyet yazarı Ahmet Hakan, İstanbul Büyükşehir Belediye (İBB) Başkanı Ekrem İmamoğlu'na yönelik olarak ""Çok konuşuyorsun, çok görünüyorsun"" ifadesini kullandı.";Ahmet Hakan'dan İmamoğlu'na: Çok konuşuyorsun, çok görünüyorsun;https://tr.sputniknews.com//turkiye/201907061039578371-ahmet-hakandan-imamogluna-cok-konusuyorsun-cok-gorunuyorsun/
196;turkiye;"Merkez Bankası Başkanı Murat Çetinkaya'nın görevden alınmasına tepki gösteren CHP Sözcüsü Faik Öztrak, Bunu yapanlar 'Bizim ekonomi yönetimimize güvenin' deme hakkını kaybetmiştir"" ifadelerini kullandı.";CHP, Merkez Bankası Başkanı Çetinkaya'nın görevden alınmasına tepki gösterdi;https://tr.sputniknews.com//turkiye/201907061039578153-chp-merkez-bankasi-baskani-cetinkayanin-gorevden-alinmasina-tepki-gosterdi/
197;turkiye;Şanlıurfa’daki bir bölükte görevli Uzman Çavuş Levent Y. hakkında, askeriyeye ait erzak deposundan sucuk, yumurta, peynir aldığı gerekçesiyle disiplin soruşturması açıldı. Savunması alınan Levent Y. ise, sahurda sucuklu yumurta yaparak askerlerle birlikte yediklerini ancak malzemeleri evinden getirdiğini söyledi.;Uzman çavuşun sucuklu yumurtadan 3 yıl hapsi istendi;https://tr.sputniknews.com//turkiye/201907061039578139-uzman-cavusun-sucuklu-yumurtadan-3-yil-hapsi-istendi/
198;turkiye;Merkez Bankası Başkanlığına atanan Murat Uysal yaptığı ilk açıklamada, kanunla kendisine verilen görev ve yetkiler çerçevesinde temel amacı olan fiyat istikrarını sağlamaya odaklı para politikası araçlarını bağımsız bir şekilde uygulamaya devam edeceğini belirtti. ;Yeni Merkez Bankası Başkanı'ndan ilk açıklama: Para politikası araçlarını bağımsız bir şekilde uygulamaya devam edeceğiz;https://tr.sputniknews.com//ekonomi/201907061039577899-yeni-merkez-bankasi-baskanindan-ilk-aciklama-para-politikasi-araclarini-bagimsiz-bir-sekilde/
199;turkiye;Merkez Bankası Başkanı Murat Çetinkaya görevden alındı. Çetinkaya'nın yerine yardımcısı Murat Uysal atandı. Karar Resmi Gazete'de yayımlandı.;Merkez Bankası Başkanı Çetinkaya görevden alındı;https://tr.sputniknews.com//ekonomi/201907061039577760-merkez-bankasi-baskani-cetinkaya-gorevden-alindi/
